Date,Regions,mean_pixel_val
2020-05-01,Central Delta,1.070588231086731
2020-05-01,Sacramento,0.8829149603843689
2020-05-01,San Joaquin,0
2020-05-02,Central Delta,NA
2020-05-02,Sacramento,NA
2020-05-02,San Joaquin,NA
2020-05-03,Central Delta,0
2020-05-03,Sacramento,0.2822968363761902
2020-05-03,San Joaquin,0
2020-05-04,Central Delta,0
2020-05-04,Sacramento,0
2020-05-04,San Joaquin,0
2020-05-05,Central Delta,0
2020-05-05,Sacramento,0
2020-05-05,San Joaquin,0
2020-05-06,Central Delta,NA
2020-05-06,Sacramento,NA
2020-05-06,San Joaquin,NA
2020-05-07,Central Delta,2.2361111640930176
2020-05-07,Sacramento,0
2020-05-07,San Joaquin,2.1914806365966797
2020-05-08,Central Delta,0
2020-05-08,Sacramento,0
2020-05-08,San Joaquin,0
2020-05-09,Central Delta,0
2020-05-09,Sacramento,0
2020-05-09,San Joaquin,0
2020-05-10,Central Delta,NA
2020-05-10,Sacramento,NA
2020-05-10,San Joaquin,NA
2020-05-11,Central Delta,0
2020-05-11,Sacramento,0.22378015518188477
2020-05-11,San Joaquin,0.6563013195991516
2020-05-12,Central Delta,0
2020-05-12,Sacramento,0
2020-05-12,San Joaquin,0
2020-05-13,Central Delta,NA
2020-05-13,Sacramento,NA
2020-05-13,San Joaquin,NA
2020-05-14,Central Delta,NA
2020-05-14,Sacramento,NA
2020-05-14,San Joaquin,NA
2020-05-15,Central Delta,0.5766128897666931
2020-05-15,Sacramento,0
2020-05-15,San Joaquin,0
2020-05-16,Central Delta,9.125
2020-05-16,Sacramento,0
2020-05-16,San Joaquin,0
2020-05-17,Central Delta,NA
2020-05-17,Sacramento,NA
2020-05-17,San Joaquin,NA
2020-05-18,Central Delta,NA
2020-05-18,Sacramento,NA
2020-05-18,San Joaquin,NA
2020-05-19,Central Delta,0
2020-05-19,Sacramento,0
2020-05-19,San Joaquin,0
2020-05-20,Central Delta,5.057894706726074
2020-05-20,Sacramento,0
2020-05-20,San Joaquin,0
2020-05-21,Central Delta,NA
2020-05-21,Sacramento,NA
2020-05-21,San Joaquin,NA
2020-05-22,Central Delta,NA
2020-05-22,Sacramento,NA
2020-05-22,San Joaquin,NA
2020-05-23,Central Delta,0
2020-05-23,Sacramento,0
2020-05-23,San Joaquin,0
2020-05-24,Central Delta,0
2020-05-24,Sacramento,0
2020-05-24,San Joaquin,0
2020-05-25,Central Delta,NA
2020-05-25,Sacramento,NA
2020-05-25,San Joaquin,NA
2020-05-26,Central Delta,NA
2020-05-26,Sacramento,NA
2020-05-26,San Joaquin,NA
2020-05-27,Central Delta,0
2020-05-27,Sacramento,0
2020-05-27,San Joaquin,0
2020-05-28,Central Delta,0
2020-05-28,Sacramento,0
2020-05-28,San Joaquin,0
2020-05-29,Central Delta,NA
2020-05-29,Sacramento,NA
2020-05-29,San Joaquin,NA
2020-05-30,Central Delta,NA
2020-05-30,Sacramento,0
2020-05-30,San Joaquin,0
2020-05-31,Central Delta,NA
2020-05-31,Sacramento,0
2020-05-31,San Joaquin,0
2020-06-01,Central Delta,0
2020-06-01,Sacramento,0
2020-06-01,San Joaquin,0
2020-06-02,Central Delta,NA
2020-06-02,Sacramento,NA
2020-06-02,San Joaquin,NA
2020-06-03,Central Delta,0
2020-06-03,Sacramento,0
2020-06-03,San Joaquin,0
2020-06-04,Central Delta,0
2020-06-04,Sacramento,0
2020-06-04,San Joaquin,0
2020-06-05,Central Delta,0
2020-06-05,Sacramento,0
2020-06-05,San Joaquin,0
2020-06-06,Central Delta,NA
2020-06-06,Sacramento,NA
2020-06-06,San Joaquin,NA
2020-06-07,Central Delta,2.1965811252593994
2020-06-07,Sacramento,1.4476029872894287
2020-06-07,San Joaquin,0
2020-06-08,Central Delta,0.49264705181121826
2020-06-08,Sacramento,0.2843020260334015
2020-06-08,San Joaquin,0
2020-06-09,Central Delta,NA
2020-06-09,Sacramento,NA
2020-06-09,San Joaquin,NA
2020-06-10,Central Delta,NA
2020-06-10,Sacramento,NA
2020-06-10,San Joaquin,NA
2020-06-11,Central Delta,0.6460176706314087
2020-06-11,Sacramento,0.9529348015785217
2020-06-11,San Joaquin,0
2020-06-12,Central Delta,NA
2020-06-12,Sacramento,NA
2020-06-12,San Joaquin,NA
2020-06-13,Central Delta,NA
2020-06-13,Sacramento,NA
2020-06-13,San Joaquin,NA
2020-06-14,Central Delta,NA
2020-06-14,Sacramento,NA
2020-06-14,San Joaquin,NA
2020-06-15,Central Delta,NA
2020-06-15,Sacramento,0
2020-06-15,San Joaquin,0
2020-06-16,Central Delta,0.9423868060112
2020-06-16,Sacramento,0.5493987798690796
2020-06-16,San Joaquin,0
2020-06-17,Central Delta,NA
2020-06-17,Sacramento,NA
2020-06-17,San Joaquin,NA
2020-06-18,Central Delta,NA
2020-06-18,Sacramento,NA
2020-06-18,San Joaquin,NA
2020-06-19,Central Delta,0.4216417968273163
2020-06-19,Sacramento,0
2020-06-19,San Joaquin,0
2020-06-20,Central Delta,1.248826265335083
2020-06-20,Sacramento,1.963369369506836
2020-06-20,San Joaquin,0
2020-06-21,Central Delta,NA
2020-06-21,Sacramento,NA
2020-06-21,San Joaquin,NA
2020-06-22,Central Delta,NA
2020-06-22,Sacramento,NA
2020-06-22,San Joaquin,NA
2020-06-23,Central Delta,1.6451612710952759
2020-06-23,Sacramento,0
2020-06-23,San Joaquin,0
2020-06-24,Central Delta,1.7597765922546387
2020-06-24,Sacramento,0
2020-06-24,San Joaquin,0
2020-06-25,Central Delta,NA
2020-06-25,Sacramento,NA
2020-06-25,San Joaquin,NA
2020-06-26,Central Delta,NA
2020-06-26,Sacramento,0
2020-06-26,San Joaquin,0
2020-06-27,Central Delta,13.156682014465332
2020-06-27,Sacramento,0
2020-06-27,San Joaquin,0
2020-06-28,Central Delta,18.99305534362793
2020-06-28,Sacramento,0
2020-06-28,San Joaquin,0
2020-06-29,Central Delta,NA
2020-06-29,Sacramento,NA
2020-06-29,San Joaquin,NA
2020-06-30,Central Delta,19.819904327392578
2020-06-30,Sacramento,0
2020-06-30,San Joaquin,0
2020-07-01,Central Delta,17.317461013793945
2020-07-01,Sacramento,0
2020-07-01,San Joaquin,0
2020-07-02,Central Delta,20.721649169921875
2020-07-02,Sacramento,0
2020-07-02,San Joaquin,0
2020-07-03,Central Delta,NA
2020-07-03,Sacramento,NA
2020-07-03,San Joaquin,NA
2020-07-04,Central Delta,13.913419723510742
2020-07-04,Sacramento,0
2020-07-04,San Joaquin,0
2020-07-05,Central Delta,14.482758522033691
2020-07-05,Sacramento,0.3505907654762268
2020-07-05,San Joaquin,0
2020-07-06,Central Delta,NA
2020-07-06,Sacramento,NA
2020-07-06,San Joaquin,NA
2020-07-07,Central Delta,NA
2020-07-07,Sacramento,NA
2020-07-07,San Joaquin,NA
2020-07-08,Central Delta,16.67479705810547
2020-07-08,Sacramento,0.495965838432312
2020-07-08,San Joaquin,0
2020-07-09,Central Delta,21.86147117614746
2020-07-09,Sacramento,0
2020-07-09,San Joaquin,0
2020-07-10,Central Delta,NA
2020-07-10,Sacramento,NA
2020-07-10,San Joaquin,NA
2020-07-11,Central Delta,NA
2020-07-11,Sacramento,NA
2020-07-11,San Joaquin,NA
2020-07-12,Central Delta,28.29739761352539
2020-07-12,Sacramento,0
2020-07-12,San Joaquin,0
2020-07-13,Central Delta,32.78854751586914
2020-07-13,Sacramento,0
2020-07-13,San Joaquin,0
2020-07-14,Central Delta,NA
2020-07-14,Sacramento,NA
2020-07-14,San Joaquin,NA
2020-07-15,Central Delta,NA
2020-07-15,Sacramento,NA
2020-07-15,San Joaquin,NA
2020-07-16,Central Delta,15.986486434936523
2020-07-16,Sacramento,0
2020-07-16,San Joaquin,0
2020-07-17,Central Delta,19.10407257080078
2020-07-17,Sacramento,0
2020-07-17,San Joaquin,0
2020-07-18,Central Delta,NA
2020-07-18,Sacramento,NA
2020-07-18,San Joaquin,NA
2020-07-19,Central Delta,NA
2020-07-19,Sacramento,NA
2020-07-19,San Joaquin,NA
2020-07-20,Central Delta,18.492753982543945
2020-07-20,Sacramento,0
2020-07-20,San Joaquin,0
2020-07-21,Central Delta,21.940298080444336
2020-07-21,Sacramento,0
2020-07-21,San Joaquin,0
2020-07-22,Central Delta,NA
2020-07-22,Sacramento,NA
2020-07-22,San Joaquin,NA
2020-07-23,Central Delta,0
2020-07-23,Sacramento,0
2020-07-23,San Joaquin,0
2020-07-24,Central Delta,21.676136016845703
2020-07-24,Sacramento,0
2020-07-24,San Joaquin,0
2020-07-25,Central Delta,13.495238304138184
2020-07-25,Sacramento,0
2020-07-25,San Joaquin,0
2020-07-26,Central Delta,NA
2020-07-26,Sacramento,NA
2020-07-26,San Joaquin,NA
2020-07-27,Central Delta,2.3523316383361816
2020-07-27,Sacramento,0
2020-07-27,San Joaquin,0.5728161931037903
2020-07-28,Central Delta,12.90109920501709
2020-07-28,Sacramento,0
2020-07-28,San Joaquin,0
2020-07-29,Central Delta,6.668508052825928
2020-07-29,Sacramento,0
2020-07-29,San Joaquin,0
2020-07-30,Central Delta,NA
2020-07-30,Sacramento,NA
2020-07-30,San Joaquin,NA
2020-07-31,Central Delta,5.046692371368408
2020-07-31,Sacramento,0.362592488527298
2020-07-31,San Joaquin,0
2020-08-01,Central Delta,10.856115341186523
2020-08-01,Sacramento,0
2020-08-01,San Joaquin,0.31542253494262695
2020-08-02,Central Delta,NA
2020-08-02,Sacramento,NA
2020-08-02,San Joaquin,NA
2020-08-03,Central Delta,NA
2020-08-03,Sacramento,NA
2020-08-03,San Joaquin,NA
2020-08-04,Central Delta,3.069556474685669
2020-08-04,Sacramento,0
2020-08-04,San Joaquin,0
2020-08-05,Central Delta,4.004032135009766
2020-08-05,Sacramento,0.2755584716796875
2020-08-05,San Joaquin,0
2020-08-06,Central Delta,NA
2020-08-06,Sacramento,NA
2020-08-06,San Joaquin,NA
2020-08-07,Central Delta,NA
2020-08-07,Sacramento,NA
2020-08-07,San Joaquin,NA
2020-08-08,Central Delta,0.4810126721858978
2020-08-08,Sacramento,0
2020-08-08,San Joaquin,0
2020-08-09,Central Delta,0.7336956262588501
2020-08-09,Sacramento,0
2020-08-09,San Joaquin,0
2020-08-10,Central Delta,NA
2020-08-10,Sacramento,NA
2020-08-10,San Joaquin,NA
2020-08-11,Central Delta,NA
2020-08-11,Sacramento,NA
2020-08-11,San Joaquin,NA
2020-08-12,Central Delta,0
2020-08-12,Sacramento,0
2020-08-12,San Joaquin,0
2020-08-13,Central Delta,0.5099009871482849
2020-08-13,Sacramento,0
2020-08-13,San Joaquin,0
2020-08-14,Central Delta,NA
2020-08-14,Sacramento,NA
2020-08-14,San Joaquin,NA
2020-08-15,Central Delta,NA
2020-08-15,Sacramento,NA
2020-08-15,San Joaquin,NA
2020-08-16,Central Delta,9.190045356750488
2020-08-16,Sacramento,0
2020-08-16,San Joaquin,0
2020-08-17,Central Delta,0
2020-08-17,Sacramento,0
2020-08-17,San Joaquin,0
2020-08-18,Central Delta,NA
2020-08-18,Sacramento,NA
2020-08-18,San Joaquin,NA
2020-08-19,Central Delta,NA
2020-08-19,Sacramento,0
2020-08-19,San Joaquin,NA
2020-08-20,Central Delta,22.714284896850586
2020-08-20,Sacramento,NA
2020-08-20,San Joaquin,0
2020-08-21,Central Delta,NA
2020-08-21,Sacramento,NA
2020-08-21,San Joaquin,NA
2020-08-22,Central Delta,NA
2020-08-22,Sacramento,NA
2020-08-22,San Joaquin,NA
2020-08-23,Central Delta,NA
2020-08-23,Sacramento,0
2020-08-23,San Joaquin,NA
2020-08-24,Central Delta,NA
2020-08-24,Sacramento,NA
2020-08-24,San Joaquin,NA
2020-08-25,Central Delta,0
2020-08-25,Sacramento,NA
2020-08-25,San Joaquin,NA
2020-08-26,Central Delta,NA
2020-08-26,Sacramento,NA
2020-08-26,San Joaquin,NA
2020-08-27,Central Delta,18.75
2020-08-27,Sacramento,0
2020-08-27,San Joaquin,0
2020-08-28,Central Delta,8.25
2020-08-28,Sacramento,0
2020-08-28,San Joaquin,0
2020-08-29,Central Delta,NA
2020-08-29,Sacramento,NA
2020-08-29,San Joaquin,NA
2020-08-30,Central Delta,NA
2020-08-30,Sacramento,NA
2020-08-30,San Joaquin,NA
2020-08-31,Central Delta,0
2020-08-31,Sacramento,0
2020-08-31,San Joaquin,0
2020-09-01,Central Delta,0
2020-09-01,Sacramento,0
2020-09-01,San Joaquin,0
2020-09-02,Central Delta,NA
2020-09-02,Sacramento,NA
2020-09-02,San Joaquin,NA
2020-09-03,Central Delta,NA
2020-09-03,Sacramento,NA
2020-09-03,San Joaquin,NA
2020-09-04,Central Delta,24.159835815429688
2020-09-04,Sacramento,0
2020-09-04,San Joaquin,0
2020-09-05,Central Delta,9.88888931274414
2020-09-05,Sacramento,0
2020-09-05,San Joaquin,0
2020-09-06,Central Delta,NA
2020-09-06,Sacramento,NA
2020-09-06,San Joaquin,NA
2020-09-07,Central Delta,NA
2020-09-07,Sacramento,NA
2020-09-07,San Joaquin,NA
2020-09-08,Central Delta,NA
2020-09-08,Sacramento,NA
2020-09-08,San Joaquin,NA
2020-09-09,Central Delta,NA
2020-09-09,Sacramento,NA
2020-09-09,San Joaquin,NA
2020-09-10,Central Delta,NA
2020-09-10,Sacramento,NA
2020-09-10,San Joaquin,NA
2020-09-11,Central Delta,NA
2020-09-11,Sacramento,NA
2020-09-11,San Joaquin,NA
2020-09-12,Central Delta,NA
2020-09-12,Sacramento,NA
2020-09-12,San Joaquin,NA
2020-09-13,Central Delta,NA
2020-09-13,Sacramento,NA
2020-09-13,San Joaquin,NA
2020-09-14,Central Delta,NA
2020-09-14,Sacramento,NA
2020-09-14,San Joaquin,NA
2020-09-15,Central Delta,NA
2020-09-15,Sacramento,0
2020-09-15,San Joaquin,0
2020-09-16,Central Delta,9.876595497131348
2020-09-16,Sacramento,0.23415245115756989
2020-09-16,San Joaquin,0
2020-09-17,Central Delta,9.722222328186035
2020-09-17,Sacramento,0
2020-09-17,San Joaquin,0
2020-09-18,Central Delta,NA
2020-09-18,Sacramento,NA
2020-09-18,San Joaquin,NA
2020-09-19,Central Delta,0
2020-09-19,Sacramento,0
2020-09-19,San Joaquin,0
2020-09-20,Central Delta,0.7722772359848022
2020-09-20,Sacramento,0
2020-09-20,San Joaquin,0
2020-09-21,Central Delta,0
2020-09-21,Sacramento,0
2020-09-21,San Joaquin,0
2020-09-22,Central Delta,NA
2020-09-22,Sacramento,NA
2020-09-22,San Joaquin,NA
2020-09-23,Central Delta,0.42148759961128235
2020-09-23,Sacramento,0
2020-09-23,San Joaquin,0
2020-09-24,Central Delta,0
2020-09-24,Sacramento,0
2020-09-24,San Joaquin,0
2020-09-25,Central Delta,NA
2020-09-25,Sacramento,NA
2020-09-25,San Joaquin,NA
2020-09-26,Central Delta,NA
2020-09-26,Sacramento,NA
2020-09-26,San Joaquin,NA
2020-09-27,Central Delta,0.1528925597667694
2020-09-27,Sacramento,0
2020-09-27,San Joaquin,0
2020-09-28,Central Delta,1.6165803670883179
2020-09-28,Sacramento,0
2020-09-28,San Joaquin,0
2020-09-29,Central Delta,NA
2020-09-29,Sacramento,NA
2020-09-29,San Joaquin,NA
2020-09-30,Central Delta,NA
2020-09-30,Sacramento,NA
2020-09-30,San Joaquin,NA
2020-10-01,Central Delta,NA
2020-10-01,Sacramento,NA
2020-10-01,San Joaquin,NA
2020-10-02,Central Delta,NA
2020-10-02,Sacramento,NA
2020-10-02,San Joaquin,NA
2020-10-03,Central Delta,NA
2020-10-03,Sacramento,NA
2020-10-03,San Joaquin,NA
2020-10-04,Central Delta,NA
2020-10-04,Sacramento,NA
2020-10-04,San Joaquin,NA
2020-10-05,Central Delta,0.37131571769714355
2020-10-05,Sacramento,0
2020-10-05,San Joaquin,0
2020-10-06,Central Delta,0
2020-10-06,Sacramento,0
2020-10-06,San Joaquin,0
2020-10-07,Central Delta,NA
2020-10-07,Sacramento,NA
2020-10-07,San Joaquin,NA
2020-10-08,Central Delta,NA
2020-10-08,Sacramento,NA
2020-10-08,San Joaquin,NA
2020-10-09,Central Delta,4.264705657958984
2020-10-09,Sacramento,0
2020-10-09,San Joaquin,0
2020-10-10,Central Delta,0
2020-10-10,Sacramento,0
2020-10-10,San Joaquin,0
2020-10-11,Central Delta,NA
2020-10-11,Sacramento,NA
2020-10-11,San Joaquin,NA
2020-10-12,Central Delta,20
2020-10-12,Sacramento,0
2020-10-12,San Joaquin,0
2020-10-13,Central Delta,0.6294642686843872
2020-10-13,Sacramento,0
2020-10-13,San Joaquin,0
2020-10-14,Central Delta,0
2020-10-14,Sacramento,0
2020-10-14,San Joaquin,0
2020-10-15,Central Delta,NA
2020-10-15,Sacramento,NA
2020-10-15,San Joaquin,NA
2020-10-16,Central Delta,1.0384615659713745
2020-10-16,Sacramento,0
2020-10-16,San Joaquin,0
2020-10-17,Central Delta,1.1102041006088257
2020-10-17,Sacramento,0
2020-10-17,San Joaquin,0
2020-10-18,Central Delta,2.2658958435058594
2020-10-18,Sacramento,0
2020-10-18,San Joaquin,0
2020-10-19,Central Delta,NA
2020-10-19,Sacramento,NA
2020-10-19,San Joaquin,NA
2020-10-20,Central Delta,0.2649572789669037
2020-10-20,Sacramento,0
2020-10-20,San Joaquin,0
2020-10-21,Central Delta,0.2901785671710968
2020-10-21,Sacramento,0
2020-10-21,San Joaquin,0
2020-10-22,Central Delta,NA
2020-10-22,Sacramento,NA
2020-10-22,San Joaquin,NA
2020-10-23,Central Delta,NA
2020-10-23,Sacramento,NA
2020-10-23,San Joaquin,NA
2020-10-24,Central Delta,0.9380165338516235
2020-10-24,Sacramento,0
2020-10-24,San Joaquin,0
2020-10-25,Central Delta,0
2020-10-25,Sacramento,0
2020-10-25,San Joaquin,0
2020-10-26,Central Delta,NA
2020-10-26,Sacramento,NA
2020-10-26,San Joaquin,NA
2020-10-27,Central Delta,NA
2020-10-27,Sacramento,NA
2020-10-27,San Joaquin,NA
2020-10-28,Central Delta,3.92496395111084
2020-10-28,Sacramento,0.02272462286055088
2020-10-28,San Joaquin,0
2020-10-29,Central Delta,7.892857074737549
2020-10-29,Sacramento,0
2020-10-29,San Joaquin,0
2020-10-30,Central Delta,NA
2020-10-30,Sacramento,NA
2020-10-30,San Joaquin,NA
2020-10-31,Central Delta,NA
2020-10-31,Sacramento,NA
2020-10-31,San Joaquin,NA
2020-11-01,Central Delta,0.8590067625045776
2020-11-01,Sacramento,0
2020-11-01,San Joaquin,0.37359103560447693
2020-11-02,Central Delta,1.2118226289749146
2020-11-02,Sacramento,0
2020-11-02,San Joaquin,0
2020-11-03,Central Delta,NA
2020-11-03,Sacramento,NA
2020-11-03,San Joaquin,NA
2020-11-04,Central Delta,NA
2020-11-04,Sacramento,NA
2020-11-04,San Joaquin,NA
2020-11-05,Central Delta,0.4954128563404083
2020-11-05,Sacramento,0
2020-11-05,San Joaquin,0
2020-11-06,Central Delta,NA
2020-11-06,Sacramento,NA
2020-11-06,San Joaquin,0
2020-11-07,Central Delta,NA
2020-11-07,Sacramento,NA
2020-11-07,San Joaquin,NA
2020-11-08,Central Delta,0
2020-11-08,Sacramento,0.3891274631023407
2020-11-08,San Joaquin,0.011597903445363045
2020-11-09,Central Delta,0.1144067794084549
2020-11-09,Sacramento,0.17899441719055176
2020-11-09,San Joaquin,0
2020-11-10,Central Delta,0.24338623881340027
2020-11-10,Sacramento,0
2020-11-10,San Joaquin,0
2020-11-11,Central Delta,NA
2020-11-11,Sacramento,NA
2020-11-11,San Joaquin,NA
2020-11-12,Central Delta,1.1991525888442993
2020-11-12,Sacramento,1.1363215446472168
2020-11-12,San Joaquin,1.430993914604187
2020-11-13,Central Delta,NA
2020-11-13,Sacramento,NA
2020-11-13,San Joaquin,NA
2020-11-14,Central Delta,NA
2020-11-14,Sacramento,0
2020-11-14,San Joaquin,NA
2020-11-15,Central Delta,NA
2020-11-15,Sacramento,NA
2020-11-15,San Joaquin,NA
2020-11-16,Central Delta,0
2020-11-16,Sacramento,0.25994396209716797
2020-11-16,San Joaquin,0.5782662630081177
2020-11-17,Central Delta,NA
2020-11-17,Sacramento,NA
2020-11-17,San Joaquin,NA
2020-11-18,Central Delta,NA
2020-11-18,Sacramento,NA
2020-11-18,San Joaquin,NA
2020-11-19,Central Delta,NA
2020-11-19,Sacramento,NA
2020-11-19,San Joaquin,NA
2020-11-20,Central Delta,0.8181818127632141
2020-11-20,Sacramento,0
2020-11-20,San Joaquin,0
2020-11-21,Central Delta,1.4190495014190674
2020-11-21,Sacramento,2.055011510848999
2020-11-21,San Joaquin,0
2020-11-22,Central Delta,NA
2020-11-22,Sacramento,NA
2020-11-22,San Joaquin,NA
2020-11-23,Central Delta,NA
2020-11-23,Sacramento,NA
2020-11-23,San Joaquin,NA
2020-11-24,Central Delta,0.4075672924518585
2020-11-24,Sacramento,1.0338952541351318
2020-11-24,San Joaquin,0.08032991737127304
2020-11-25,Central Delta,0
2020-11-25,Sacramento,0.3369104862213135
2020-11-25,San Joaquin,0
2020-11-26,Central Delta,NA
2020-11-26,Sacramento,NA
2020-11-26,San Joaquin,NA
2020-11-27,Central Delta,NA
2020-11-27,Sacramento,NA
2020-11-27,San Joaquin,NA
2020-11-28,Central Delta,0.8226414918899536
2020-11-28,Sacramento,1.3530231714248657
2020-11-28,San Joaquin,0
2020-11-29,Central Delta,2.0810811519622803
2020-11-29,Sacramento,0.40759047865867615
2020-11-29,San Joaquin,0
2020-11-30,Central Delta,NA
2020-11-30,Sacramento,NA
2020-11-30,San Joaquin,NA
2020-12-01,Central Delta,NA
2020-12-01,Sacramento,NA
2020-12-01,San Joaquin,NA
2020-12-02,Central Delta,0
2020-12-02,Sacramento,0.5826967358589172
2020-12-02,San Joaquin,0
2020-12-03,Central Delta,0
2020-12-03,Sacramento,0
2020-12-03,San Joaquin,0
2020-12-04,Central Delta,NA
2020-12-04,Sacramento,NA
2020-12-04,San Joaquin,NA
2020-12-05,Central Delta,0
2020-12-05,Sacramento,0.5903726816177368
2020-12-05,San Joaquin,0
2020-12-06,Central Delta,0
2020-12-06,Sacramento,0.5849764943122864
2020-12-06,San Joaquin,0
2020-12-07,Central Delta,1.7511111497879028
2020-12-07,Sacramento,2.620445966720581
2020-12-07,San Joaquin,3.9217441082000732
2020-12-08,Central Delta,NA
2020-12-08,Sacramento,NA
2020-12-08,San Joaquin,NA
2020-12-09,Central Delta,1.3754512071609497
2020-12-09,Sacramento,1.822771668434143
2020-12-09,San Joaquin,0
2020-12-10,Central Delta,0.22580644488334656
2020-12-10,Sacramento,1.0282896757125854
2020-12-10,San Joaquin,0
2020-12-11,Central Delta,NA
2020-12-11,Sacramento,NA
2020-12-11,San Joaquin,NA
2020-12-12,Central Delta,NA
2020-12-12,Sacramento,NA
2020-12-12,San Joaquin,NA
2020-12-13,Central Delta,NA
2020-12-13,Sacramento,NA
2020-12-13,San Joaquin,NA
2020-12-14,Central Delta,0
2020-12-14,Sacramento,1.0526843834668398e-4
2020-12-14,San Joaquin,0
2020-12-15,Central Delta,NA
2020-12-15,Sacramento,NA
2020-12-15,San Joaquin,NA
2020-12-16,Central Delta,NA
2020-12-16,Sacramento,NA
2020-12-16,San Joaquin,NA
2020-12-17,Central Delta,0
2020-12-17,Sacramento,0.5421741008758545
2020-12-17,San Joaquin,0
2020-12-18,Central Delta,0
2020-12-18,Sacramento,0.5371853113174438
2020-12-18,San Joaquin,0
2020-12-19,Central Delta,NA
2020-12-19,Sacramento,NA
2020-12-19,San Joaquin,NA
2020-12-20,Central Delta,NA
2020-12-20,Sacramento,NA
2020-12-20,San Joaquin,NA
2020-12-21,Central Delta,NA
2020-12-21,Sacramento,NA
2020-12-21,San Joaquin,NA
2020-12-22,Central Delta,NA
2020-12-22,Sacramento,NA
2020-12-22,San Joaquin,NA
2020-12-23,Central Delta,NA
2020-12-23,Sacramento,NA
2020-12-23,San Joaquin,NA
2020-12-24,Central Delta,NA
2020-12-24,Sacramento,NA
2020-12-24,San Joaquin,NA
2020-12-25,Central Delta,NA
2020-12-25,Sacramento,NA
2020-12-25,San Joaquin,NA
2020-12-26,Central Delta,0
2020-12-26,Sacramento,0
2020-12-26,San Joaquin,0
2020-12-27,Central Delta,NA
2020-12-27,Sacramento,NA
2020-12-27,San Joaquin,NA
2020-12-28,Central Delta,NA
2020-12-28,Sacramento,NA
2020-12-28,San Joaquin,NA
2020-12-29,Central Delta,0.39952534437179565
2020-12-29,Sacramento,0.6800795793533325
2020-12-29,San Joaquin,0.6839923858642578
2020-12-30,Central Delta,NA
2020-12-30,Sacramento,0
2020-12-30,San Joaquin,NA
2020-12-31,Central Delta,NA
2020-12-31,Sacramento,NA
2020-12-31,San Joaquin,NA
2021-05-01,Central Delta,0.029739776626229286
2021-05-01,Sacramento,0.8807830810546875
2021-05-01,San Joaquin,0
2021-05-02,Central Delta,0.7833333611488342
2021-05-02,Sacramento,1.009064793586731
2021-05-02,San Joaquin,0
2021-05-03,Central Delta,NA
2021-05-03,Sacramento,NA
2021-05-03,San Joaquin,NA
2021-05-04,Central Delta,NA
2021-05-04,Sacramento,NA
2021-05-04,San Joaquin,NA
2021-05-05,Central Delta,0
2021-05-05,Sacramento,1.0337666273117065
2021-05-05,San Joaquin,0
2021-05-06,Central Delta,0
2021-05-06,Sacramento,1.1437740325927734
2021-05-06,San Joaquin,0
2021-05-07,Central Delta,NA
2021-05-07,Sacramento,NA
2021-05-07,San Joaquin,NA
2021-05-08,Central Delta,NA
2021-05-08,Sacramento,NA
2021-05-08,San Joaquin,NA
2021-05-09,Central Delta,0
2021-05-09,Sacramento,0.5658316016197205
2021-05-09,San Joaquin,0
2021-05-10,Central Delta,1.3380951881408691
2021-05-10,Sacramento,0.6856168508529663
2021-05-10,San Joaquin,0
2021-05-11,Central Delta,NA
2021-05-11,Sacramento,NA
2021-05-11,San Joaquin,NA
2021-05-12,Central Delta,NA
2021-05-12,Sacramento,NA
2021-05-12,San Joaquin,NA
2021-05-13,Central Delta,0
2021-05-13,Sacramento,0.7098142504692078
2021-05-13,San Joaquin,0
2021-05-14,Central Delta,0
2021-05-14,Sacramento,0
2021-05-14,San Joaquin,0
2021-05-15,Central Delta,NA
2021-05-15,Sacramento,NA
2021-05-15,San Joaquin,NA
2021-05-16,Central Delta,0
2021-05-16,Sacramento,0
2021-05-16,San Joaquin,0
2021-05-17,Central Delta,2.1624999046325684
2021-05-17,Sacramento,0
2021-05-17,San Joaquin,0
2021-05-18,Central Delta,6.901960849761963
2021-05-18,Sacramento,0
2021-05-18,San Joaquin,0
2021-05-19,Central Delta,NA
2021-05-19,Sacramento,NA
2021-05-19,San Joaquin,NA
2021-05-20,Central Delta,0
2021-05-20,Sacramento,0
2021-05-20,San Joaquin,0
2021-05-21,Central Delta,10.165326118469238
2021-05-21,Sacramento,0.15723223984241486
2021-05-21,San Joaquin,0
2021-05-22,Central Delta,13.074257850646973
2021-05-22,Sacramento,0
2021-05-22,San Joaquin,0
2021-05-23,Central Delta,NA
2021-05-23,Sacramento,NA
2021-05-23,San Joaquin,NA
2021-05-24,Central Delta,8.37890625
2021-05-24,Sacramento,0.4007970988750458
2021-05-24,San Joaquin,0
2021-05-25,Central Delta,2.8602523803710937
2021-05-25,Sacramento,0.6773736476898193
2021-05-25,San Joaquin,0
2021-05-26,Central Delta,NA
2021-05-26,Sacramento,NA
2021-05-26,San Joaquin,NA
2021-05-27,Central Delta,NA
2021-05-27,Sacramento,NA
2021-05-27,San Joaquin,NA
2021-05-28,Central Delta,0.8645496368408203
2021-05-28,Sacramento,0
2021-05-28,San Joaquin,0
2021-05-29,Central Delta,0.8185483813285828
2021-05-29,Sacramento,0.6278138160705566
2021-05-29,San Joaquin,0
2021-05-30,Central Delta,NA
2021-05-30,Sacramento,NA
2021-05-30,San Joaquin,NA
2021-05-31,Central Delta,NA
2021-05-31,Sacramento,NA
2021-05-31,San Joaquin,NA
2021-06-01,Central Delta,0.7975565791130066
2021-06-01,Sacramento,0.5149654746055603
2021-06-01,San Joaquin,0
2021-06-02,Central Delta,1.6333333253860474
2021-06-02,Sacramento,0
2021-06-02,San Joaquin,0
2021-06-03,Central Delta,NA
2021-06-03,Sacramento,NA
2021-06-03,San Joaquin,NA
2021-06-04,Central Delta,NA
2021-06-04,Sacramento,NA
2021-06-04,San Joaquin,NA
2021-06-05,Central Delta,2.1006832122802734
2021-06-05,Sacramento,NA
2021-06-05,San Joaquin,0
2021-06-06,Central Delta,0
2021-06-06,Sacramento,0
2021-06-06,San Joaquin,0
2021-06-07,Central Delta,NA
2021-06-07,Sacramento,NA
2021-06-07,San Joaquin,NA
2021-06-08,Central Delta,NA
2021-06-08,Sacramento,NA
2021-06-08,San Joaquin,NA
2021-06-09,Central Delta,1.2352941036224365
2021-06-09,Sacramento,0.04547616094350815
2021-06-09,San Joaquin,0.9211193919181824
2021-06-10,Central Delta,3.9186604022979736
2021-06-10,Sacramento,0
2021-06-10,San Joaquin,0
2021-06-11,Central Delta,NA
2021-06-11,Sacramento,NA
2021-06-11,San Joaquin,NA
2021-06-12,Central Delta,0
2021-06-12,Sacramento,0
2021-06-12,San Joaquin,0
2021-06-13,Central Delta,0
2021-06-13,Sacramento,0.22999104857444763
2021-06-13,San Joaquin,0
2021-06-14,Central Delta,0
2021-06-14,Sacramento,0
2021-06-14,San Joaquin,0
2021-06-15,Central Delta,NA
2021-06-15,Sacramento,NA
2021-06-15,San Joaquin,NA
2021-06-16,Central Delta,0
2021-06-16,Sacramento,0
2021-06-16,San Joaquin,0
2021-06-17,Central Delta,0
2021-06-17,Sacramento,0.6346650123596191
2021-06-17,San Joaquin,0
2021-06-18,Central Delta,0
2021-06-18,Sacramento,0
2021-06-18,San Joaquin,0
2021-06-19,Central Delta,NA
2021-06-19,Sacramento,NA
2021-06-19,San Joaquin,NA
2021-06-20,Central Delta,0
2021-06-20,Sacramento,0.1544417440891266
2021-06-20,San Joaquin,0
2021-06-21,Central Delta,0
2021-06-21,Sacramento,0
2021-06-21,San Joaquin,0
2021-06-22,Central Delta,NA
2021-06-22,Sacramento,NA
2021-06-22,San Joaquin,NA
2021-06-23,Central Delta,NA
2021-06-23,Sacramento,NA
2021-06-23,San Joaquin,NA
2021-06-24,Central Delta,1.751937985420227
2021-06-24,Sacramento,0
2021-06-24,San Joaquin,0
2021-06-25,Central Delta,2.6034483909606934
2021-06-25,Sacramento,0
2021-06-25,San Joaquin,0
2021-06-26,Central Delta,NA
2021-06-26,Sacramento,NA
2021-06-26,San Joaquin,NA
2021-06-27,Central Delta,NA
2021-06-27,Sacramento,NA
2021-06-27,San Joaquin,NA
2021-06-28,Central Delta,1.1206225156784058
2021-06-28,Sacramento,0
2021-06-28,San Joaquin,0
2021-06-29,Central Delta,2.4285714626312256
2021-06-29,Sacramento,0
2021-06-29,San Joaquin,0
2021-06-30,Central Delta,NA
2021-06-30,Sacramento,NA
2021-06-30,San Joaquin,NA
2021-07-01,Central Delta,NA
2021-07-01,Sacramento,NA
2021-07-01,San Joaquin,NA
2021-07-02,Central Delta,1.0952380895614624
2021-07-02,Sacramento,0
2021-07-02,San Joaquin,0
2021-07-03,Central Delta,4.163793087005615
2021-07-03,Sacramento,0
2021-07-03,San Joaquin,0
2021-07-04,Central Delta,NA
2021-07-04,Sacramento,NA
2021-07-04,San Joaquin,NA
2021-07-05,Central Delta,NA
2021-07-05,Sacramento,NA
2021-07-05,San Joaquin,NA
2021-07-06,Central Delta,7.198276042938232
2021-07-06,Sacramento,0
2021-07-06,San Joaquin,0
2021-07-07,Central Delta,26.742738723754883
2021-07-07,Sacramento,0
2021-07-07,San Joaquin,0
2021-07-08,Central Delta,NA
2021-07-08,Sacramento,NA
2021-07-08,San Joaquin,NA
2021-07-09,Central Delta,0
2021-07-09,Sacramento,0
2021-07-09,San Joaquin,0
2021-07-10,Central Delta,5.769911289215088
2021-07-10,Sacramento,0
2021-07-10,San Joaquin,0
2021-07-11,Central Delta,16.033557891845703
2021-07-11,Sacramento,0
2021-07-11,San Joaquin,0
2021-07-12,Central Delta,NA
2021-07-12,Sacramento,NA
2021-07-12,San Joaquin,NA
2021-07-13,Central Delta,9.9365081787109375
2021-07-13,Sacramento,0
2021-07-13,San Joaquin,0
2021-07-14,Central Delta,43.09223175048828
2021-07-14,Sacramento,0
2021-07-14,San Joaquin,0
2021-07-15,Central Delta,41.40449523925781
2021-07-15,Sacramento,0
2021-07-15,San Joaquin,0
2021-07-16,Central Delta,NA
2021-07-16,Sacramento,NA
2021-07-16,San Joaquin,NA
2021-07-17,Central Delta,30.1673641204834
2021-07-17,Sacramento,0
2021-07-17,San Joaquin,0
2021-07-18,Central Delta,43.421688079833984
2021-07-18,Sacramento,0
2021-07-18,San Joaquin,0
2021-07-19,Central Delta,NA
2021-07-19,Sacramento,NA
2021-07-19,San Joaquin,NA
2021-07-20,Central Delta,NA
2021-07-20,Sacramento,NA
2021-07-20,San Joaquin,NA
2021-07-21,Central Delta,60.38570785522461
2021-07-21,Sacramento,0
2021-07-21,San Joaquin,1.891302227973938
2021-07-22,Central Delta,NA
2021-07-22,Sacramento,NA
2021-07-22,San Joaquin,NA
2021-07-23,Central Delta,NA
2021-07-23,Sacramento,NA
2021-07-23,San Joaquin,NA
2021-07-24,Central Delta,NA
2021-07-24,Sacramento,NA
2021-07-24,San Joaquin,NA
2021-07-25,Central Delta,61.595123291015625
2021-07-25,Sacramento,0
2021-07-25,San Joaquin,0
2021-07-26,Central Delta,NA
2021-07-26,Sacramento,NA
2021-07-26,San Joaquin,NA
2021-07-27,Central Delta,NA
2021-07-27,Sacramento,NA
2021-07-27,San Joaquin,NA
2021-07-28,Central Delta,NA
2021-07-28,Sacramento,NA
2021-07-28,San Joaquin,NA
2021-07-29,Central Delta,84.50936126708984
2021-07-29,Sacramento,0
2021-07-29,San Joaquin,4.469879627227783
2021-07-30,Central Delta,97.71361541748047
2021-07-30,Sacramento,0
2021-07-30,San Joaquin,0
2021-07-31,Central Delta,NA
2021-07-31,Sacramento,NA
2021-07-31,San Joaquin,NA
2021-08-01,Central Delta,NA
2021-08-01,Sacramento,NA
2021-08-01,San Joaquin,NA
2021-08-02,Central Delta,64.52985382080078
2021-08-02,Sacramento,0
2021-08-02,San Joaquin,3.949091911315918
2021-08-03,Central Delta,74.55421447753906
2021-08-03,Sacramento,1.1081647872924805
2021-08-03,San Joaquin,18.90602684020996
2021-08-04,Central Delta,NA
2021-08-04,Sacramento,NA
2021-08-04,San Joaquin,NA
2021-08-05,Central Delta,0
2021-08-05,Sacramento,0
2021-08-05,San Joaquin,6.642739295959473
2021-08-06,Central Delta,63.233009338378906
2021-08-06,Sacramento,0
2021-08-06,San Joaquin,0
2021-08-07,Central Delta,NA
2021-08-07,Sacramento,NA
2021-08-07,San Joaquin,NA
2021-08-08,Central Delta,NA
2021-08-08,Sacramento,NA
2021-08-08,San Joaquin,NA
2021-08-09,Central Delta,59.173583984375
2021-08-09,Sacramento,0
2021-08-09,San Joaquin,1.8019320964813232
2021-08-10,Central Delta,58.95121765136719
2021-08-10,Sacramento,0
2021-08-10,San Joaquin,5.585474491119385
2021-08-11,Central Delta,62.49746322631836
2021-08-11,Sacramento,0
2021-08-11,San Joaquin,0
2021-08-12,Central Delta,NA
2021-08-12,Sacramento,NA
2021-08-12,San Joaquin,NA
2021-08-13,Central Delta,62.83913040161133
2021-08-13,Sacramento,0
2021-08-13,San Joaquin,0
2021-08-14,Central Delta,78.71904754638672
2021-08-14,Sacramento,0
2021-08-14,San Joaquin,0
2021-08-15,Central Delta,NA
2021-08-15,Sacramento,NA
2021-08-15,San Joaquin,NA
2021-08-16,Central Delta,NA
2021-08-16,Sacramento,NA
2021-08-16,San Joaquin,NA
2021-08-17,Central Delta,NA
2021-08-17,Sacramento,0
2021-08-17,San Joaquin,NA
2021-08-18,Central Delta,NA
2021-08-18,Sacramento,NA
2021-08-18,San Joaquin,NA
2021-08-19,Central Delta,NA
2021-08-19,Sacramento,NA
2021-08-19,San Joaquin,NA
2021-08-20,Central Delta,NA
2021-08-20,Sacramento,NA
2021-08-20,San Joaquin,NA
2021-08-21,Central Delta,27.495725631713867
2021-08-21,Sacramento,0
2021-08-21,San Joaquin,1.2249540090560913
2021-08-22,Central Delta,33.7807502746582
2021-08-22,Sacramento,0
2021-08-22,San Joaquin,1.389298439025879
2021-08-23,Central Delta,NA
2021-08-23,Sacramento,NA
2021-08-23,San Joaquin,NA
2021-08-24,Central Delta,NA
2021-08-24,Sacramento,NA
2021-08-24,San Joaquin,NA
2021-08-25,Central Delta,18.607017517089844
2021-08-25,Sacramento,0.6796011924743652
2021-08-25,San Joaquin,10.225922584533691
2021-08-26,Central Delta,19.89655113220215
2021-08-26,Sacramento,0
2021-08-26,San Joaquin,2.5943286418914795
2021-08-27,Central Delta,NA
2021-08-27,Sacramento,NA
2021-08-27,San Joaquin,NA
2021-08-28,Central Delta,NA
2021-08-28,Sacramento,NA
2021-08-28,San Joaquin,NA
2021-08-29,Central Delta,11.876651763916016
2021-08-29,Sacramento,0
2021-08-29,San Joaquin,0
2021-08-30,Central Delta,9.53990650177002
2021-08-30,Sacramento,0
2021-08-30,San Joaquin,0
2021-08-31,Central Delta,NA
2021-08-31,Sacramento,NA
2021-08-31,San Joaquin,NA
2021-09-01,Central Delta,0
2021-09-01,Sacramento,0
2021-09-01,San Joaquin,0
2021-09-02,Central Delta,6.513157844543457
2021-09-02,Sacramento,1.4169776439666748
2021-09-02,San Joaquin,0
2021-09-03,Central Delta,3.124378204345703
2021-09-03,Sacramento,0
2021-09-03,San Joaquin,0
2021-09-04,Central Delta,NA
2021-09-04,Sacramento,NA
2021-09-04,San Joaquin,NA
2021-09-05,Central Delta,1.9842519760131836
2021-09-05,Sacramento,0.6268966794013977
2021-09-05,San Joaquin,0
2021-09-06,Central Delta,2.295546531677246
2021-09-06,Sacramento,0
2021-09-06,San Joaquin,0
2021-09-07,Central Delta,0
2021-09-07,Sacramento,0
2021-09-07,San Joaquin,0
2021-09-08,Central Delta,NA
2021-09-08,Sacramento,NA
2021-09-08,San Joaquin,NA
2021-09-09,Central Delta,0
2021-09-09,Sacramento,0
2021-09-09,San Joaquin,0
2021-09-10,Central Delta,0
2021-09-10,Sacramento,0
2021-09-10,San Joaquin,0
2021-09-11,Central Delta,NA
2021-09-11,Sacramento,NA
2021-09-11,San Joaquin,NA
2021-09-12,Central Delta,NA
2021-09-12,Sacramento,NA
2021-09-12,San Joaquin,NA
2021-09-13,Central Delta,0
2021-09-13,Sacramento,1.1470080614089966
2021-09-13,San Joaquin,0
2021-09-14,Central Delta,0
2021-09-14,Sacramento,0
2021-09-14,San Joaquin,0
2021-09-15,Central Delta,NA
2021-09-15,Sacramento,NA
2021-09-15,San Joaquin,NA
2021-09-16,Central Delta,NA
2021-09-16,Sacramento,NA
2021-09-16,San Joaquin,NA
2021-09-17,Central Delta,0.30399999022483826
2021-09-17,Sacramento,0
2021-09-17,San Joaquin,0
2021-09-18,Central Delta,0
2021-09-18,Sacramento,0
2021-09-18,San Joaquin,0
2021-09-19,Central Delta,NA
2021-09-19,Sacramento,NA
2021-09-19,San Joaquin,NA
2021-09-20,Central Delta,NA
2021-09-20,Sacramento,NA
2021-09-20,San Joaquin,NA
2021-09-21,Central Delta,0
2021-09-21,Sacramento,0
2021-09-21,San Joaquin,0
2021-09-22,Central Delta,0
2021-09-22,Sacramento,0
2021-09-22,San Joaquin,0
2021-09-23,Central Delta,NA
2021-09-23,Sacramento,NA
2021-09-23,San Joaquin,NA
2021-09-24,Central Delta,NA
2021-09-24,Sacramento,NA
2021-09-24,San Joaquin,NA
2021-09-25,Central Delta,0
2021-09-25,Sacramento,0
2021-09-25,San Joaquin,0
2021-09-26,Central Delta,0
2021-09-26,Sacramento,0
2021-09-26,San Joaquin,0
2021-09-27,Central Delta,NA
2021-09-27,Sacramento,NA
2021-09-27,San Joaquin,NA
2021-09-28,Central Delta,0
2021-09-28,Sacramento,0
2021-09-28,San Joaquin,0
2021-09-29,Central Delta,0
2021-09-29,Sacramento,0
2021-09-29,San Joaquin,0
2021-09-30,Central Delta,0
2021-09-30,Sacramento,0
2021-09-30,San Joaquin,0
2021-10-01,Central Delta,NA
2021-10-01,Sacramento,NA
2021-10-01,San Joaquin,NA
2021-10-02,Central Delta,0
2021-10-02,Sacramento,0
2021-10-02,San Joaquin,0
2021-10-03,Central Delta,1.1691176891326904
2021-10-03,Sacramento,0
2021-10-03,San Joaquin,0
2021-10-04,Central Delta,12.619047164916992
2021-10-04,Sacramento,0
2021-10-04,San Joaquin,0
2021-10-05,Central Delta,NA
2021-10-05,Sacramento,NA
2021-10-05,San Joaquin,NA
2021-10-06,Central Delta,3.443037986755371
2021-10-06,Sacramento,0
2021-10-06,San Joaquin,0
2021-10-07,Central Delta,0.36231884360313416
2021-10-07,Sacramento,0
2021-10-07,San Joaquin,0
2021-10-08,Central Delta,NA
2021-10-08,Sacramento,NA
2021-10-08,San Joaquin,NA
2021-10-09,Central Delta,NA
2021-10-09,Sacramento,NA
2021-10-09,San Joaquin,NA
2021-10-10,Central Delta,0.4503847658634186
2021-10-10,Sacramento,0
2021-10-10,San Joaquin,0.43384167551994324
2021-10-11,Central Delta,0.4429824650287628
2021-10-11,Sacramento,0
2021-10-11,San Joaquin,2.0320279598236084
2021-10-12,Central Delta,NA
2021-10-12,Sacramento,NA
2021-10-12,San Joaquin,NA
2021-10-13,Central Delta,NA
2021-10-13,Sacramento,NA
2021-10-13,San Joaquin,NA
2021-10-14,Central Delta,0
2021-10-14,Sacramento,0.6101776361465454
2021-10-14,San Joaquin,0
2021-10-15,Central Delta,0
2021-10-15,Sacramento,0
2021-10-15,San Joaquin,0
2021-10-16,Central Delta,NA
2021-10-16,Sacramento,NA
2021-10-16,San Joaquin,NA
2021-10-17,Central Delta,NA
2021-10-17,Sacramento,NA
2021-10-17,San Joaquin,NA
2021-10-18,Central Delta,0
2021-10-18,Sacramento,0
2021-10-18,San Joaquin,0
2021-10-19,Central Delta,0
2021-10-19,Sacramento,0
2021-10-19,San Joaquin,0
2021-10-20,Central Delta,NA
2021-10-20,Sacramento,NA
2021-10-20,San Joaquin,NA
2021-10-21,Central Delta,NA
2021-10-21,Sacramento,NA
2021-10-21,San Joaquin,NA
2021-10-22,Central Delta,0
2021-10-22,Sacramento,0
2021-10-22,San Joaquin,NA
2021-10-23,Central Delta,0
2021-10-23,Sacramento,NA
2021-10-23,San Joaquin,0
2021-10-24,Central Delta,NA
2021-10-24,Sacramento,NA
2021-10-24,San Joaquin,NA
2021-10-25,Central Delta,0
2021-10-25,Sacramento,0
2021-10-25,San Joaquin,0
2021-10-26,Central Delta,0
2021-10-26,Sacramento,0
2021-10-26,San Joaquin,0
2021-10-27,Central Delta,0
2021-10-27,Sacramento,0
2021-10-27,San Joaquin,0
2021-10-28,Central Delta,NA
2021-10-28,Sacramento,NA
2021-10-28,San Joaquin,NA
