Source,Station,Latitude,Longitude,Region,Year,Month,Date,Analyte,Result,Result_Sign
USGS,DEC/TOL,38.07780833333334,-121.7672861111111,Lower Sacramento,2021,1,2021-01-12,Anabaenopeptins,0,ND
USGS,DEC/TOL,38.07780833333334,-121.7672861111111,Lower Sacramento,2021,1,2021-01-12,Anatoxins,0,ND
USGS,DEC/TOL,38.07780833333334,-121.7672861111111,Lower Sacramento,2021,1,2021-01-12,Microcystins,0,ND
USGS,JPT,38.0426365065621,-121.699122310008,Lower San Joaquin,2021,1,2021-01-12,Anabaenopeptins,0,ND
USGS,JPT,38.0426365065621,-121.699122310008,Lower San Joaquin,2021,1,2021-01-12,Anatoxins,0,ND
USGS,JPT,38.0426365065621,-121.699122310008,Lower San Joaquin,2021,1,2021-01-12,Microcystins,0,ND
USGS,JPT,38.0426365065621,-121.699122310008,Lower San Joaquin,2021,4,2021-04-13,Anabaenopeptins,0,ND
USGS,JPT,38.0426365065621,-121.699122310008,Lower San Joaquin,2021,4,2021-04-13,Anatoxins,0,ND
USGS,JPT,38.0426365065621,-121.699122310008,Lower San Joaquin,2021,4,2021-04-13,Microcystins,0,ND
USGS,DEC/TOL,38.07780833333334,-121.7672861111111,Lower Sacramento,2021,4,2021-04-13,Anabaenopeptins,0,ND
USGS,DEC/TOL,38.07780833333334,-121.7672861111111,Lower Sacramento,2021,4,2021-04-13,Anatoxins,0,ND
USGS,DEC/TOL,38.07780833333334,-121.7672861111111,Lower Sacramento,2021,4,2021-04-13,Microcystins,0,ND
USGS,DEC/TOL,38.07780833333334,-121.7672861111111,Lower Sacramento,2021,4,2021-04-27,Anabaenopeptins,0,ND
USGS,DEC/TOL,38.07780833333334,-121.7672861111111,Lower Sacramento,2021,4,2021-04-27,Anatoxins,0.3665,=
USGS,DEC/TOL,38.07780833333334,-121.7672861111111,Lower Sacramento,2021,4,2021-04-27,Microcystins,0,ND
USGS,JPT,38.0426365065621,-121.699122310008,Lower San Joaquin,2021,4,2021-04-27,Anabaenopeptins,0,ND
USGS,JPT,38.0426365065621,-121.699122310008,Lower San Joaquin,2021,4,2021-04-27,Anatoxins,0.730541804,=
USGS,JPT,38.0426365065621,-121.699122310008,Lower San Joaquin,2021,4,2021-04-27,Microcystins,0,ND
USGS,LIB,38.24301111111111,-121.68428611111112,Cache Slough/Liberty Island,2021,5,2021-05-11,Anabaenopeptins,0,ND
USGS,LIB,38.24301111111111,-121.68428611111112,Cache Slough/Liberty Island,2021,5,2021-05-11,Anatoxins,0,ND
USGS,LIB,38.24301111111111,-121.68428611111112,Cache Slough/Liberty Island,2021,5,2021-05-11,Microcystins,0,ND
USGS,DEC/TOL,38.07780833333334,-121.7672861111111,Lower Sacramento,2021,2,2021-02-16,Anabaenopeptins,0,ND
USGS,DEC/TOL,38.07780833333334,-121.7672861111111,Lower Sacramento,2021,2,2021-02-16,Anatoxins,0,ND
USGS,DEC/TOL,38.07780833333334,-121.7672861111111,Lower Sacramento,2021,2,2021-02-16,Microcystins,0,ND
USGS,DEC/TOL,38.07780833333334,-121.7672861111111,Lower Sacramento,2021,5,2021-05-14,Anabaenopeptins,0,ND
USGS,DEC/TOL,38.07780833333334,-121.7672861111111,Lower Sacramento,2021,5,2021-05-14,Anatoxins,0,ND
USGS,DEC/TOL,38.07780833333334,-121.7672861111111,Lower Sacramento,2021,5,2021-05-14,Microcystins,0,ND
USGS,JPT,38.0426365065621,-121.699122310008,Lower San Joaquin,2021,2,2021-02-16,Anabaenopeptins,0,ND
USGS,JPT,38.0426365065621,-121.699122310008,Lower San Joaquin,2021,2,2021-02-16,Anatoxins,0,ND
USGS,JPT,38.0426365065621,-121.699122310008,Lower San Joaquin,2021,2,2021-02-16,Microcystins,0,ND
USGS,JPT,38.0426365065621,-121.699122310008,Lower San Joaquin,2021,5,2021-05-14,Anabaenopeptins,0,ND
USGS,JPT,38.0426365065621,-121.699122310008,Lower San Joaquin,2021,5,2021-05-14,Anatoxins,0,ND
USGS,JPT,38.0426365065621,-121.699122310008,Lower San Joaquin,2021,5,2021-05-14,Microcystins,0,ND
USGS,JPT,38.0426365065621,-121.699122310008,Lower San Joaquin,2021,3,2021-03-03,Anabaenopeptins,0,ND
USGS,JPT,38.0426365065621,-121.699122310008,Lower San Joaquin,2021,3,2021-03-03,Anatoxins,0,ND
USGS,JPT,38.0426365065621,-121.699122310008,Lower San Joaquin,2021,3,2021-03-03,Microcystins,0,ND
USGS,DEC/TOL,38.07780833333334,-121.7672861111111,Lower Sacramento,2021,3,2021-03-03,Anabaenopeptins,0,ND
USGS,DEC/TOL,38.07780833333334,-121.7672861111111,Lower Sacramento,2021,3,2021-03-03,Anatoxins,0,ND
USGS,DEC/TOL,38.07780833333334,-121.7672861111111,Lower Sacramento,2021,3,2021-03-03,Microcystins,0,ND
USGS,JPT,38.0426365065621,-121.699122310008,Lower San Joaquin,2021,3,2021-03-16,Anabaenopeptins,0,ND
USGS,JPT,38.0426365065621,-121.699122310008,Lower San Joaquin,2021,3,2021-03-16,Anatoxins,0,ND
USGS,JPT,38.0426365065621,-121.699122310008,Lower San Joaquin,2021,3,2021-03-16,Microcystins,0,ND
USGS,DEC/TOL,38.07780833333334,-121.7672861111111,Lower Sacramento,2021,3,2021-03-16,Anabaenopeptins,0,ND
USGS,DEC/TOL,38.07780833333334,-121.7672861111111,Lower Sacramento,2021,3,2021-03-16,Anatoxins,0,ND
USGS,DEC/TOL,38.07780833333334,-121.7672861111111,Lower Sacramento,2021,3,2021-03-16,Microcystins,0,ND
USGS,DEC/TOL,38.07780833333334,-121.7672861111111,Lower Sacramento,2021,7,2021-07-07,Anabaenopeptins,9.33,=
USGS,DEC/TOL,38.07780833333334,-121.7672861111111,Lower Sacramento,2021,7,2021-07-07,Anatoxins,0,ND
USGS,DEC/TOL,38.07780833333334,-121.7672861111111,Lower Sacramento,2021,7,2021-07-07,Microcystins,0,ND
USGS,JPT,38.0426365065621,-121.699122310008,Lower San Joaquin,2021,7,2021-07-07,Anabaenopeptins,178.08,=
USGS,JPT,38.0426365065621,-121.699122310008,Lower San Joaquin,2021,7,2021-07-07,Anatoxins,0,ND
USGS,JPT,38.0426365065621,-121.699122310008,Lower San Joaquin,2021,7,2021-07-07,Microcystins,0,ND
USGS,MDM,37.943,-121.534,South Delta,2021,7,2021-07-07,Anabaenopeptins,0.01,=
USGS,MDM,37.943,-121.534,South Delta,2021,7,2021-07-07,Microcystins,0.22,=
USGS,DEC/TOL,38.07780833333334,-121.7672861111111,Lower Sacramento,2021,7,2021-07-21,Anabaenopeptins,0,ND
USGS,DEC/TOL,38.07780833333334,-121.7672861111111,Lower Sacramento,2021,7,2021-07-21,Anatoxins,0,ND
USGS,DEC/TOL,38.07780833333334,-121.7672861111111,Lower Sacramento,2021,7,2021-07-21,Microcystins,0.054,=
USGS,JPT,38.0426365065621,-121.699122310008,Lower San Joaquin,2021,7,2021-07-21,Anabaenopeptins,0,ND
USGS,JPT,38.0426365065621,-121.699122310008,Lower San Joaquin,2021,7,2021-07-21,Anatoxins,0,ND
USGS,JPT,38.0426365065621,-121.699122310008,Lower San Joaquin,2021,7,2021-07-21,Microcystins,0,ND
USGS,JPT,38.0426365065621,-121.699122310008,Lower San Joaquin,2021,4,2021-04-01,Anabaenopeptins,0,ND
USGS,JPT,38.0426365065621,-121.699122310008,Lower San Joaquin,2021,4,2021-04-01,Anatoxins,2.168360782,=
USGS,JPT,38.0426365065621,-121.699122310008,Lower San Joaquin,2021,4,2021-04-01,Microcystins,0,ND
USGS,DEC/TOL,38.07780833333334,-121.7672861111111,Lower Sacramento,2021,4,2021-04-01,Anabaenopeptins,0,ND
USGS,DEC/TOL,38.07780833333334,-121.7672861111111,Lower Sacramento,2021,4,2021-04-01,Microcystins,0,ND
USGS,DEC/TOL,38.07780833333334,-121.7672861111111,Lower Sacramento,2021,4,2021-04-01,Anabaenopeptins,0,ND
USGS,DEC/TOL,38.07780833333334,-121.7672861111111,Lower Sacramento,2021,4,2021-04-01,Anatoxins,11.5510808,=
USGS,DEC/TOL,38.07780833333334,-121.7672861111111,Lower Sacramento,2021,4,2021-04-01,Microcystins,0,ND
USGS,MDM,37.943,-121.534,South Delta,2021,8,2021-08-02,Anabaenopeptins,0.09,=
USGS,MDM,37.943,-121.534,South Delta,2021,8,2021-08-02,Microcystins,0.06,=
USGS,DEC/TOL,38.07780833333334,-121.7672861111111,Lower Sacramento,2021,8,2021-08-04,Anabaenopeptins,4.18,=
USGS,DEC/TOL,38.07780833333334,-121.7672861111111,Lower Sacramento,2021,8,2021-08-04,Anatoxins,0,ND
USGS,DEC/TOL,38.07780833333334,-121.7672861111111,Lower Sacramento,2021,8,2021-08-04,Microcystins,0,ND
USGS,MDM,37.943,-121.534,South Delta,2021,7,2021-07-21,Anabaenopeptins,0.03,=
USGS,MDM,37.943,-121.534,South Delta,2021,7,2021-07-21,Microcystins,0.060000000000000005,=
USGS,VER,37.679376,-121.265002,Vernalis,2021,7,2021-07-14,Anabaenopeptins,0.5800000000000001,=
USGS,VER,37.679376,-121.265002,Vernalis,2021,7,2021-07-14,Microcystins,0,ND
USGS,RRI,37.963,-121.365,South Delta,2021,7,2021-07-16,Anabaenopeptins,0.01,=
USGS,RRI,37.963,-121.365,South Delta,2021,7,2021-07-16,Microcystins,0.13,=
USGS,LIB,38.24301111111111,-121.68428611111112,Cache Slough/Liberty Island,2021,8,2021-08-18,Anabaenopeptins,0,ND
USGS,LIB,38.24301111111111,-121.68428611111112,Cache Slough/Liberty Island,2021,8,2021-08-18,Microcystins,0,ND
USGS,DEC/TOL,38.07780833333334,-121.7672861111111,Lower Sacramento,2021,8,2021-08-18,Anabaenopeptins,0,ND
USGS,DEC/TOL,38.07780833333334,-121.7672861111111,Lower Sacramento,2021,8,2021-08-18,Anatoxins,0,ND
USGS,DEC/TOL,38.07780833333334,-121.7672861111111,Lower Sacramento,2021,8,2021-08-18,Microcystins,0,ND
USGS,JPT,38.0426365065621,-121.699122310008,Lower San Joaquin,2021,8,2021-08-18,Anabaenopeptins,18.68,=
USGS,JPT,38.0426365065621,-121.699122310008,Lower San Joaquin,2021,8,2021-08-18,Anatoxins,0,ND
USGS,JPT,38.0426365065621,-121.699122310008,Lower San Joaquin,2021,8,2021-08-18,Microcystins,0,ND
USGS,MDM,37.943,-121.534,South Delta,2021,8,2021-08-18,Anabaenopeptins,0.47,=
USGS,MDM,37.943,-121.534,South Delta,2021,8,2021-08-18,Microcystins,0.03,=
USGS,RRI,37.963,-121.365,South Delta,2021,7,2021-07-29,Anabaenopeptins,0.53,=
USGS,RRI,37.963,-121.365,South Delta,2021,7,2021-07-29,Microcystins,0.03,=
USGS,VER,37.679376,-121.265002,Vernalis,2021,7,2021-07-29,Anabaenopeptins,0,ND
USGS,VER,37.679376,-121.265002,Vernalis,2021,7,2021-07-29,Microcystins,0,ND
USGS,VER,37.679376,-121.265002,Vernalis,2021,8,2021-08-12,Anabaenopeptins,0,ND
USGS,VER,37.679376,-121.265002,Vernalis,2021,8,2021-08-12,Microcystins,0,ND
USGS,VER,37.679376,-121.265002,Vernalis,2021,8,2021-08-27,Anabaenopeptins,0.09,=
USGS,VER,37.679376,-121.265002,Vernalis,2021,8,2021-08-27,Microcystins,0.06,=
USGS,RRI,37.963,-121.365,South Delta,2021,8,2021-08-30,Anabaenopeptins,0.3,=
USGS,RRI,37.963,-121.365,South Delta,2021,8,2021-08-30,Microcystins,0.01,=
USGS,MDM,37.943,-121.534,South Delta,2021,9,2021-09-02,Anabaenopeptins,0.09999999999999999,=
USGS,MDM,37.943,-121.534,South Delta,2021,9,2021-09-02,Microcystins,0.01,=
USGS,RRI,37.963,-121.365,South Delta,2021,8,2021-08-16,Anabaenopeptins,0.22,=
USGS,RRI,37.963,-121.365,South Delta,2021,8,2021-08-16,Microcystins,0.05,=
USGS,LIB,38.24301111111111,-121.68428611111112,Cache Slough/Liberty Island,2021,9,2021-09-23,Anabaenopeptins,0,ND
USGS,LIB,38.24301111111111,-121.68428611111112,Cache Slough/Liberty Island,2021,9,2021-09-23,Microcystins,0,ND
USGS,MDM,37.943,-121.534,South Delta,2021,9,2021-09-16,Anabaenopeptins,0,ND
USGS,MDM,37.943,-121.534,South Delta,2021,9,2021-09-16,Microcystins,0,ND
USGS,JPT,38.0426365065621,-121.699122310008,Lower San Joaquin,2021,9,2021-09-21,Anabaenopeptins,0.74,=
USGS,JPT,38.0426365065621,-121.699122310008,Lower San Joaquin,2021,9,2021-09-21,Anatoxins,0,ND
USGS,JPT,38.0426365065621,-121.699122310008,Lower San Joaquin,2021,9,2021-09-21,Microcystins,0,ND
USGS,DEC/TOL,38.07780833333334,-121.7672861111111,Lower Sacramento,2021,9,2021-09-21,Anabaenopeptins,31.21,=
USGS,DEC/TOL,38.07780833333334,-121.7672861111111,Lower Sacramento,2021,9,2021-09-21,Anatoxins,0,ND
USGS,DEC/TOL,38.07780833333334,-121.7672861111111,Lower Sacramento,2021,9,2021-09-21,Microcystins,0,ND
USGS,VER,37.679376,-121.265002,Vernalis,2021,9,2021-09-09,Anabaenopeptins,0,ND
USGS,VER,37.679376,-121.265002,Vernalis,2021,9,2021-09-09,Microcystins,0,ND
USGS,RRI,37.963,-121.365,South Delta,2021,9,2021-09-10,Anabaenopeptins,0.09999999999999999,=
USGS,RRI,37.963,-121.365,South Delta,2021,9,2021-09-10,Microcystins,0.01,=
USGS,VER,37.679376,-121.265002,Vernalis,2021,9,2021-09-24,Anabaenopeptins,0.03,=
USGS,VER,37.679376,-121.265002,Vernalis,2021,9,2021-09-24,Microcystins,0,ND
USGS,RRI,37.963,-121.365,South Delta,2021,9,2021-09-24,Anabaenopeptins,0.04,=
USGS,RRI,37.963,-121.365,South Delta,2021,9,2021-09-24,Microcystins,0.05,=
USGS,LIB,38.24301111111111,-121.68428611111112,Cache Slough/Liberty Island,2021,10,2021-10-04,Anabaenopeptins,0,ND
USGS,LIB,38.24301111111111,-121.68428611111112,Cache Slough/Liberty Island,2021,10,2021-10-04,Microcystins,0,ND
USGS,DEC/TOL,38.07780833333334,-121.7672861111111,Lower Sacramento,2021,10,2021-10-04,Anabaenopeptins,0,ND
USGS,DEC/TOL,38.07780833333334,-121.7672861111111,Lower Sacramento,2021,10,2021-10-04,Microcystins,0,ND
USGS,JPT,38.0426365065621,-121.699122310008,Lower San Joaquin,2021,10,2021-10-04,Anabaenopeptins,0,ND
USGS,JPT,38.0426365065621,-121.699122310008,Lower San Joaquin,2021,10,2021-10-04,Microcystins,0.046,=
USGS,JPT,38.0426365065621,-121.699122310008,Lower San Joaquin,2021,10,2021-10-05,Anabaenopeptins,0,ND
USGS,JPT,38.0426365065621,-121.699122310008,Lower San Joaquin,2021,10,2021-10-05,Microcystins,0,ND
USGS,DEC/TOL,38.07780833333334,-121.7672861111111,Lower Sacramento,2021,10,2021-10-05,Anabaenopeptins,0,ND
USGS,DEC/TOL,38.07780833333334,-121.7672861111111,Lower Sacramento,2021,10,2021-10-05,Microcystins,0,ND
USGS,LIB,38.24301111111111,-121.68428611111112,Cache Slough/Liberty Island,2021,10,2021-10-05,Anabaenopeptins,0,ND
USGS,LIB,38.24301111111111,-121.68428611111112,Cache Slough/Liberty Island,2021,10,2021-10-05,Microcystins,0,ND
USGS,MDM,37.943,-121.534,South Delta,2021,10,2021-10-06,Anabaenopeptins,0,ND
USGS,MDM,37.943,-121.534,South Delta,2021,10,2021-10-06,Microcystins,0,ND
USGS,MDM,37.943,-121.534,South Delta,2021,10,2021-10-19,Anabaenopeptins,0,ND
USGS,MDM,37.943,-121.534,South Delta,2021,10,2021-10-19,Microcystins,0,ND
USGS,DEC/TOL,38.07780833333334,-121.7672861111111,Lower Sacramento,2021,10,2021-10-21,Anabaenopeptins,0,ND
USGS,DEC/TOL,38.07780833333334,-121.7672861111111,Lower Sacramento,2021,10,2021-10-21,Microcystins,0,ND
USGS,JPT,38.0426365065621,-121.699122310008,Lower San Joaquin,2021,10,2021-10-21,Anabaenopeptins,0,ND
USGS,JPT,38.0426365065621,-121.699122310008,Lower San Joaquin,2021,10,2021-10-21,Microcystins,0,ND
USGS,LIB,38.24301111111111,-121.68428611111112,Cache Slough/Liberty Island,2021,10,2021-10-21,Anabaenopeptins,0,ND
USGS,LIB,38.24301111111111,-121.68428611111112,Cache Slough/Liberty Island,2021,10,2021-10-21,Microcystins,0,ND
USGS,VER,37.679376,-121.265002,Vernalis,2021,10,2021-10-26,Anabaenopeptins,0,ND
USGS,VER,37.679376,-121.265002,Vernalis,2021,10,2021-10-26,Microcystins,0,ND
USGS,RRI,37.963,-121.365,South Delta,2021,10,2021-10-26,Anabaenopeptins,0,ND
USGS,RRI,37.963,-121.365,South Delta,2021,10,2021-10-26,Microcystins,0,ND
USGS,RRI,37.963,-121.365,South Delta,2021,10,2021-10-13,Anabaenopeptins,0,ND
USGS,RRI,37.963,-121.365,South Delta,2021,10,2021-10-13,Microcystins,0.01,=
USGS,VER,37.679376,-121.265002,Vernalis,2021,10,2021-10-11,Anabaenopeptins,0.04,=
USGS,VER,37.679376,-121.265002,Vernalis,2021,10,2021-10-11,Microcystins,0,ND
USGS,LIB,38.24301111111111,-121.68428611111112,Cache Slough/Liberty Island,2021,11,2021-11-16,Anabaenopeptins,0,ND
USGS,LIB,38.24301111111111,-121.68428611111112,Cache Slough/Liberty Island,2021,11,2021-11-16,Microcystins,0,ND
USGS,DEC/TOL,38.07780833333334,-121.7672861111111,Lower Sacramento,2021,11,2021-11-16,Anabaenopeptins,0,ND
USGS,DEC/TOL,38.07780833333334,-121.7672861111111,Lower Sacramento,2021,11,2021-11-16,Microcystins,0,ND
USGS,JPT,38.0426365065621,-121.699122310008,Lower San Joaquin,2021,11,2021-11-17,Anabaenopeptins,0,ND
USGS,JPT,38.0426365065621,-121.699122310008,Lower San Joaquin,2021,11,2021-11-17,Microcystins,0,ND
USGS,VER,37.679376,-121.265002,Vernalis,2021,11,2021-11-08,Anabaenopeptins,0,ND
USGS,VER,37.679376,-121.265002,Vernalis,2021,11,2021-11-08,Microcystins,0,ND
USGS,RRI,37.963,-121.365,South Delta,2021,11,2021-11-10,Anabaenopeptins,0,ND
USGS,RRI,37.963,-121.365,South Delta,2021,11,2021-11-10,Microcystins,0,ND
USGS,MDM,37.943,-121.534,South Delta,2021,12,2021-12-08,Anabaenopeptins,0,ND
USGS,MDM,37.943,-121.534,South Delta,2021,12,2021-12-08,Microcystins,0,ND
USGS,LIB,38.24301111111111,-121.68428611111112,Cache Slough/Liberty Island,2021,12,2021-12-09,Anabaenopeptins,0,ND
USGS,LIB,38.24301111111111,-121.68428611111112,Cache Slough/Liberty Island,2021,12,2021-12-09,Microcystins,0,ND
USGS,DEC/TOL,38.07780833333334,-121.7672861111111,Lower Sacramento,2021,12,2021-12-16,Anabaenopeptins,0,ND
USGS,DEC/TOL,38.07780833333334,-121.7672861111111,Lower Sacramento,2021,12,2021-12-16,Microcystins,0,ND
USGS,JPT,38.0426365065621,-121.699122310008,Lower San Joaquin,2021,12,2021-12-16,Anabaenopeptins,0,ND
USGS,JPT,38.0426365065621,-121.699122310008,Lower San Joaquin,2021,12,2021-12-16,Microcystins,0,ND
USGS,VER,37.679376,-121.265002,Vernalis,2021,12,2021-12-08,Anabaenopeptins,0,ND
USGS,VER,37.679376,-121.265002,Vernalis,2021,12,2021-12-08,Microcystins,0,ND
USGS,RRI,37.963,-121.365,South Delta,2021,12,2021-12-10,Anabaenopeptins,0,ND
USGS,RRI,37.963,-121.365,South Delta,2021,12,2021-12-10,Microcystins,0,ND
DWR,BPP,37.7999274,-121.617728,Clifton Court,2021,8,2021-08-09,Anatoxins,0,ND
DWR,BPP,37.7999274,-121.617728,Clifton Court,2021,4,2021-04-26,Microcystins,0,ND
DWR,BPP,37.7999274,-121.617728,Clifton Court,2021,5,2021-05-10,Microcystins,0,ND
DWR,BPP,37.7999274,-121.617728,Clifton Court,2021,5,2021-05-24,Microcystins,0,ND
DWR,BPP,37.7999274,-121.617728,Clifton Court,2021,6,2021-06-07,Microcystins,0,ND
DWR,BPP,37.7999274,-121.617728,Clifton Court,2021,6,2021-06-21,Microcystins,0,ND
DWR,BPP,37.7999274,-121.617728,Clifton Court,2021,7,2021-07-12,Microcystins,0,ND
DWR,BPP,37.7999274,-121.617728,Clifton Court,2021,7,2021-07-26,Microcystins,0,ND
DWR,BPP,37.7999274,-121.617728,Clifton Court,2021,8,2021-08-09,Microcystins,0,ND
DWR,BPP,37.7999274,-121.617728,Clifton Court,2021,8,2021-08-23,Microcystins,0,ND
DWR,BPP,37.7999274,-121.617728,Clifton Court,2021,9,2021-09-13,Microcystins,0,ND
DWR,BPP,37.7999274,-121.617728,Clifton Court,2021,9,2021-09-27,Microcystins,0,ND
DWR,CCF,37.826923,-121.59183,Clifton Court,2021,4,2021-04-26,Microcystins,0,ND
DWR,CCF,37.826923,-121.59183,Clifton Court,2021,6,2021-06-21,Microcystins,0,ND
DWR,CCF,37.826923,-121.59183,Clifton Court,2021,7,2021-07-12,Microcystins,0,ND
DWR,CCF,37.826923,-121.59183,Clifton Court,2021,7,2021-07-26,Microcystins,0,ND
DWR,CCF,37.826923,-121.59183,Clifton Court,2021,8,2021-08-09,Microcystins,0,ND
DWR,CCF,37.826923,-121.59183,Clifton Court,2021,8,2021-08-23,Microcystins,0,ND
CVRWQCB,FRK,38.046417,-121.5981,South Delta,2021,7,2021-07-02,Microcystins,0,ND
CVRWQCB,FRK,38.046417,-121.5981,South Delta,2021,8,2021-08-06,Microcystins,0.63,=
CVRWQCB,FRK,38.046417,-121.5981,South Delta,2021,8,2021-08-06,Anatoxins,0,ND
CVRWQCB,MI,37.99204,-121.51166,South Delta,2021,7,2021-07-02,Microcystins,0.6,=
Preece,DHAB001,38.045378,-121.787628,Lower Sacramento,2021,1,2021-01-07,Microcystins,0,ND
Preece,DHAB001,38.045378,-121.787628,Lower Sacramento,2021,1,2021-01-07,Microcystins,0,ND
Preece,DHAB001,38.045378,-121.787628,Lower Sacramento,2021,3,2021-03-30,Microcystins,0,ND
Preece,DHAB001,38.045378,-121.787628,Lower Sacramento,2021,4,2021-04-21,Microcystins,0,ND
Preece,DHAB001,38.045378,-121.787628,Lower Sacramento,2021,5,2021-05-14,Microcystins,0,ND
Preece,DHAB001,38.045378,-121.787628,Lower Sacramento,2021,6,2021-06-03,Microcystins,0,ND
Preece,DHAB001,38.045378,-121.787628,Lower Sacramento,2021,6,2021-06-17,Microcystins,0,ND
Preece,DHAB001,38.045378,-121.787628,Lower Sacramento,2021,7,2021-07-19,Microcystins,0.17520000000000002,=
Preece,DHAB001,38.045378,-121.787628,Lower Sacramento,2021,7,2021-07-21,Microcystins,0.16425,=
Preece,DHAB001,38.045378,-121.787628,Lower Sacramento,2021,8,2021-08-11,Microcystins,0,ND
Preece,DHAB001,38.045378,-121.787628,Lower Sacramento,2021,8,2021-08-31,Microcystins,0,ND
Preece,DHAB001,38.045378,-121.787628,Lower Sacramento,2021,9,2021-09-04,Microcystins,0,ND
Preece,DHAB001,38.045378,-121.787628,Lower Sacramento,2021,9,2021-09-22,Microcystins,0,ND
Preece,DHAB001,38.045378,-121.787628,Lower Sacramento,2021,10,2021-10-20,Microcystins,0,ND
Preece,DHAB001,38.045378,-121.787628,Lower Sacramento,2021,10,2021-10-28,Microcystins,0,ND
Preece,DHAB001,38.045378,-121.787628,Lower Sacramento,2021,11,2021-11-12,Microcystins,0,ND
Preece,DHAB001,38.045378,-121.787628,Lower Sacramento,2021,12,2021-12-27,Microcystins,0,ND
Preece,DHAB002,38.105764,-121.716123,Lower Sacramento,2021,1,2021-01-07,Microcystins,0,ND
Preece,DHAB002,38.105764,-121.716123,Lower Sacramento,2021,2,2021-02-08,Microcystins,0,ND
Preece,DHAB002,38.105764,-121.716123,Lower Sacramento,2021,2,2021-02-10,Microcystins,0,ND
Preece,DHAB002,38.105764,-121.716123,Lower Sacramento,2021,2,2021-02-10,Microcystins,0,ND
Preece,DHAB002,38.105764,-121.716123,Lower Sacramento,2021,3,2021-03-31,Microcystins,0,ND
Preece,DHAB002,38.105764,-121.716123,Lower Sacramento,2021,4,2021-04-19,Microcystins,0,ND
Preece,DHAB002,38.105764,-121.716123,Lower Sacramento,2021,5,2021-05-17,Microcystins,0,ND
Preece,DHAB002,38.105764,-121.716123,Lower Sacramento,2021,6,2021-06-03,Microcystins,0,ND
Preece,DHAB002,38.105764,-121.716123,Lower Sacramento,2021,6,2021-06-18,Microcystins,0.26195,=
Preece,DHAB002,38.105764,-121.716123,Lower Sacramento,2021,7,2021-07-19,Microcystins,0.24725,=
Preece,DHAB002,38.105764,-121.716123,Lower Sacramento,2021,7,2021-07-21,Microcystins,0.1989,=
Preece,DHAB002,38.105764,-121.716123,Lower Sacramento,2021,8,2021-08-11,Microcystins,0,ND
Preece,DHAB002,38.105764,-121.716123,Lower Sacramento,2021,8,2021-08-31,Microcystins,0,ND
Preece,DHAB002,38.105764,-121.716123,Lower Sacramento,2021,9,2021-09-04,Microcystins,0,ND
Preece,DHAB002,38.105764,-121.716123,Lower Sacramento,2021,9,2021-09-22,Microcystins,0,ND
Preece,DHAB002,38.105764,-121.716123,Lower Sacramento,2021,10,2021-10-20,Microcystins,0,ND
Preece,DHAB002,38.105764,-121.716123,Lower Sacramento,2021,10,2021-10-28,Microcystins,0,ND
Preece,DHAB002,38.105764,-121.716123,Lower Sacramento,2021,11,2021-11-12,Microcystins,0,ND
Preece,DHAB002,38.105764,-121.716123,Lower Sacramento,2021,12,2021-12-27,Microcystins,0,ND
Preece,DHAB003,38.019889,-121.745763,Lower San Joaquin,2021,1,2021-01-07,Microcystins,0,ND
Preece,DHAB003,38.019889,-121.745763,Lower San Joaquin,2021,2,2021-02-08,Microcystins,0,ND
Preece,DHAB003,38.019889,-121.745763,Lower San Joaquin,2021,3,2021-03-30,Microcystins,0,ND
Preece,DHAB003,38.019889,-121.745763,Lower San Joaquin,2021,3,2021-03-30,Microcystins,0,ND
Preece,DHAB003,38.019889,-121.745763,Lower San Joaquin,2021,4,2021-04-21,Microcystins,0,ND
Preece,DHAB003,38.019889,-121.745763,Lower San Joaquin,2021,5,2021-05-14,Microcystins,0,ND
Preece,DHAB003,38.019889,-121.745763,Lower San Joaquin,2021,6,2021-06-04,Microcystins,0,ND
Preece,DHAB003,38.019889,-121.745763,Lower San Joaquin,2021,6,2021-06-17,Microcystins,0,ND
Preece,DHAB003,38.019889,-121.745763,Lower San Joaquin,2021,7,2021-07-19,Microcystins,3.0285,=
Preece,DHAB003,38.019889,-121.745763,Lower San Joaquin,2021,7,2021-07-21,Microcystins,0.2222,=
Preece,DHAB003,38.019889,-121.745763,Lower San Joaquin,2021,8,2021-08-11,Microcystins,0,ND
Preece,DHAB003,38.019889,-121.745763,Lower San Joaquin,2021,8,2021-08-31,Microcystins,0,ND
Preece,DHAB003,38.019889,-121.745763,Lower San Joaquin,2021,9,2021-09-04,Microcystins,0,ND
Preece,DHAB003,38.019889,-121.745763,Lower San Joaquin,2021,9,2021-09-22,Microcystins,1.78445,=
Preece,DHAB003,38.019889,-121.745763,Lower San Joaquin,2021,10,2021-10-20,Microcystins,0,ND
Preece,DHAB003,38.019889,-121.745763,Lower San Joaquin,2021,10,2021-10-28,Microcystins,0,ND
Preece,DHAB003,38.019889,-121.745763,Lower San Joaquin,2021,11,2021-11-12,Microcystins,0,ND
Preece,DHAB003,38.019889,-121.745763,Lower San Joaquin,2021,12,2021-12-27,Microcystins,0,ND
Preece,DHAB004,38.163593,-121.610139,Upper Sacramento,2021,1,2021-01-08,Microcystins,0,ND
Preece,DHAB004,38.163593,-121.610139,Upper Sacramento,2021,2,2021-02-10,Microcystins,0.11285,=
Preece,DHAB004,38.163593,-121.610139,Upper Sacramento,2021,3,2021-03-31,Microcystins,0,ND
Preece,DHAB004,38.163593,-121.610139,Upper Sacramento,2021,4,2021-04-19,Microcystins,0,ND
Preece,DHAB004,38.163593,-121.610139,Upper Sacramento,2021,4,2021-04-19,Microcystins,0,ND
Preece,DHAB004,38.163593,-121.610139,Upper Sacramento,2021,5,2021-05-17,Microcystins,0,ND
Preece,DHAB004,38.163593,-121.610139,Upper Sacramento,2021,6,2021-06-03,Microcystins,0,ND
Preece,DHAB004,38.163593,-121.610139,Upper Sacramento,2021,6,2021-06-18,Microcystins,0,ND
Preece,DHAB004,38.163593,-121.610139,Upper Sacramento,2021,7,2021-07-07,Microcystins,0,ND
Preece,DHAB004,38.163593,-121.610139,Upper Sacramento,2021,7,2021-07-22,Microcystins,0.182,=
Preece,DHAB004,38.163593,-121.610139,Upper Sacramento,2021,8,2021-08-11,Microcystins,0,ND
Preece,DHAB004,38.163593,-121.610139,Upper Sacramento,2021,8,2021-08-31,Microcystins,0,ND
Preece,DHAB004,38.163593,-121.610139,Upper Sacramento,2021,9,2021-09-05,Microcystins,0,ND
Preece,DHAB004,38.163593,-121.610139,Upper Sacramento,2021,9,2021-09-22,Microcystins,0,ND
Preece,DHAB004,38.163593,-121.610139,Upper Sacramento,2021,9,2021-09-22,Microcystins,0,ND
Preece,DHAB004,38.163593,-121.610139,Upper Sacramento,2021,10,2021-10-20,Microcystins,0,ND
Preece,DHAB004,38.163593,-121.610139,Upper Sacramento,2021,10,2021-10-28,Microcystins,0,ND
Preece,DHAB004,38.163593,-121.610139,Upper Sacramento,2021,11,2021-11-12,Microcystins,0,ND
Preece,DHAB004,38.163593,-121.610139,Upper Sacramento,2021,12,2021-12-27,Microcystins,0,ND
Preece,DHAB005,38.194555,-121.657713,SDWSC,2021,1,2021-01-08,Microcystins,0,ND
Preece,DHAB005,38.194555,-121.657713,SDWSC,2021,2,2021-02-10,Microcystins,0,ND
Preece,DHAB005,38.194555,-121.657713,SDWSC,2021,3,2021-03-31,Microcystins,0,ND
Preece,DHAB005,38.194555,-121.657713,SDWSC,2021,4,2021-04-19,Microcystins,0,ND
Preece,DHAB005,38.194555,-121.657713,SDWSC,2021,5,2021-05-17,Microcystins,0,ND
Preece,DHAB005,38.194555,-121.657713,SDWSC,2021,5,2021-05-17,Microcystins,0,ND
Preece,DHAB005,38.194555,-121.657713,SDWSC,2021,6,2021-06-03,Microcystins,0,ND
Preece,DHAB005,38.194555,-121.657713,SDWSC,2021,6,2021-06-18,Microcystins,0,ND
Preece,DHAB005,38.194555,-121.657713,SDWSC,2021,7,2021-07-07,Microcystins,0,ND
Preece,DHAB005,38.194555,-121.657713,SDWSC,2021,7,2021-07-22,Microcystins,0.2154,=
Preece,DHAB005,38.194555,-121.657713,SDWSC,2021,8,2021-08-11,Microcystins,0,ND
Preece,DHAB005,38.194555,-121.657713,SDWSC,2021,8,2021-08-31,Microcystins,0,ND
Preece,DHAB005,38.194555,-121.657713,SDWSC,2021,9,2021-09-05,Microcystins,0,ND
Preece,DHAB005,38.194555,-121.657713,SDWSC,2021,9,2021-09-22,Microcystins,0,ND
Preece,DHAB005,38.194555,-121.657713,SDWSC,2021,10,2021-10-20,Microcystins,0,ND
Preece,DHAB005,38.194555,-121.657713,SDWSC,2021,10,2021-10-28,Microcystins,0,ND
Preece,DHAB005,38.194555,-121.657713,SDWSC,2021,11,2021-11-12,Microcystins,0,ND
Preece,DHAB005,38.194555,-121.657713,SDWSC,2021,12,2021-12-27,Microcystins,0,ND
Preece,DHAB006,38.243985,-121.689412,Cache Slough/Liberty Island,2021,1,2021-01-08,Microcystins,0,ND
Preece,DHAB006,38.243985,-121.689412,Cache Slough/Liberty Island,2021,2,2021-02-10,Microcystins,0,ND
Preece,DHAB006,38.243985,-121.689412,Cache Slough/Liberty Island,2021,3,2021-03-31,Microcystins,0,ND
Preece,DHAB006,38.243985,-121.689412,Cache Slough/Liberty Island,2021,4,2021-04-19,Microcystins,0,ND
Preece,DHAB006,38.243985,-121.689412,Cache Slough/Liberty Island,2021,5,2021-05-17,Microcystins,0,ND
Preece,DHAB006,38.243985,-121.689412,Cache Slough/Liberty Island,2021,6,2021-06-03,Microcystins,0,ND
Preece,DHAB006,38.243985,-121.689412,Cache Slough/Liberty Island,2021,6,2021-06-03,Microcystins,0,ND
Preece,DHAB006,38.243985,-121.689412,Cache Slough/Liberty Island,2021,6,2021-06-18,Microcystins,0,ND
Preece,DHAB006,38.243985,-121.689412,Cache Slough/Liberty Island,2021,6,2021-06-18,Microcystins,0,ND
Preece,DHAB006,38.243985,-121.689412,Cache Slough/Liberty Island,2021,7,2021-07-07,Microcystins,0,ND
Preece,DHAB006,38.243985,-121.689412,Cache Slough/Liberty Island,2021,7,2021-07-22,Microcystins,0.15245,=
Preece,DHAB006,38.243985,-121.689412,Cache Slough/Liberty Island,2021,8,2021-08-11,Microcystins,0,ND
Preece,DHAB006,38.243985,-121.689412,Cache Slough/Liberty Island,2021,8,2021-08-31,Microcystins,0,ND
Preece,DHAB006,38.243985,-121.689412,Cache Slough/Liberty Island,2021,9,2021-09-05,Microcystins,0,ND
Preece,DHAB006,38.243985,-121.689412,Cache Slough/Liberty Island,2021,9,2021-09-22,Microcystins,0,ND
Preece,DHAB006,38.243985,-121.689412,Cache Slough/Liberty Island,2021,10,2021-10-20,Microcystins,0,ND
Preece,DHAB006,38.243985,-121.689412,Cache Slough/Liberty Island,2021,10,2021-10-28,Microcystins,0,ND
Preece,DHAB006,38.243985,-121.689412,Cache Slough/Liberty Island,2021,11,2021-11-12,Microcystins,0,ND
Preece,DHAB006,38.243985,-121.689412,Cache Slough/Liberty Island,2021,12,2021-12-27,Microcystins,0,ND
Preece,DHAB007,38.048602,-121.623448,South Delta,2021,1,2021-01-07,Microcystins,0,ND
Preece,DHAB007,38.048602,-121.623448,South Delta,2021,2,2021-02-08,Microcystins,0,ND
Preece,DHAB007,38.048602,-121.623448,South Delta,2021,3,2021-03-30,Microcystins,0,ND
Preece,DHAB007,38.048602,-121.623448,South Delta,2021,4,2021-04-21,Microcystins,0,ND
Preece,DHAB007,38.048602,-121.623448,South Delta,2021,5,2021-05-14,Microcystins,0,ND
Preece,DHAB007,38.048602,-121.623448,South Delta,2021,6,2021-06-04,Microcystins,0,ND
Preece,DHAB007,38.048602,-121.623448,South Delta,2021,6,2021-06-17,Microcystins,0,ND
Preece,DHAB007,38.048602,-121.623448,South Delta,2021,7,2021-07-19,Microcystins,0.30115000000000003,=
Preece,DHAB007,38.048602,-121.623448,South Delta,2021,7,2021-07-19,Microcystins,0.8220000000000001,=
Preece,DHAB007,38.048602,-121.623448,South Delta,2021,7,2021-07-21,Microcystins,0.3285,=
Preece,DHAB007,38.048602,-121.623448,South Delta,2021,7,2021-07-21,Microcystins,0.38585,=
Preece,DHAB007,38.048602,-121.623448,South Delta,2021,8,2021-08-11,Microcystins,0.65835,=
Preece,DHAB007,38.048602,-121.623448,South Delta,2021,8,2021-08-31,Microcystins,0.16055,=
Preece,DHAB007,38.048602,-121.623448,South Delta,2021,9,2021-09-04,Microcystins,0.12254999999999999,=
Preece,DHAB007,38.048602,-121.623448,South Delta,2021,10,2021-10-20,Microcystins,0,ND
Preece,DHAB007,38.048602,-121.623448,South Delta,2021,10,2021-10-28,Microcystins,0,ND
Preece,DHAB007,38.048602,-121.623448,South Delta,2021,11,2021-11-12,Microcystins,0,ND
Preece,DHAB007,38.048602,-121.623448,South Delta,2021,12,2021-12-27,Microcystins,0,ND
Preece,DHAB008,37.964146,-121.5737319,South Delta,2021,1,2021-01-05,Microcystins,0,ND
Preece,DHAB008,37.964146,-121.5737319,South Delta,2021,2,2021-02-10,Microcystins,0,ND
Preece,DHAB008,37.964146,-121.5737319,South Delta,2021,3,2021-03-30,Microcystins,0,ND
Preece,DHAB008,37.964146,-121.5737319,South Delta,2021,4,2021-04-22,Microcystins,0,ND
Preece,DHAB008,37.964146,-121.5737319,South Delta,2021,5,2021-05-18,Microcystins,0,ND
Preece,DHAB008,37.964146,-121.5737319,South Delta,2021,6,2021-06-01,Microcystins,0,ND
Preece,DHAB008,37.964146,-121.5737319,South Delta,2021,6,2021-06-16,Microcystins,0,ND
Preece,DHAB008,37.964146,-121.5737319,South Delta,2021,7,2021-07-07,Microcystins,0.66735,=
Preece,DHAB008,37.964146,-121.5737319,South Delta,2021,7,2021-07-22,Microcystins,0.19585000000000002,=
Preece,DHAB008,37.964146,-121.5737319,South Delta,2021,8,2021-08-11,Microcystins,0.14334999999999998,=
Preece,DHAB008,37.964146,-121.5737319,South Delta,2021,8,2021-08-11,Microcystins,2.9964500000000003,=
Preece,DHAB008,37.964146,-121.5737319,South Delta,2021,8,2021-08-26,Microcystins,0.41659999999999997,=
Preece,DHAB008,37.964146,-121.5737319,South Delta,2021,9,2021-09-05,Microcystins,0,ND
Preece,DHAB008,37.964146,-121.5737319,South Delta,2021,9,2021-09-20,Microcystins,0.1596,=
Preece,DHAB008,37.964146,-121.5737319,South Delta,2021,10,2021-10-20,Microcystins,0,ND
Preece,DHAB008,37.964146,-121.5737319,South Delta,2021,11,2021-11-02,Microcystins,0,ND
Preece,DHAB008,37.964146,-121.5737319,South Delta,2021,11,2021-11-12,Microcystins,0,ND
Preece,DHAB008,37.964146,-121.5737319,South Delta,2021,12,2021-12-27,Microcystins,0,ND
Preece,DHAB009,37.996172,-121.443849,South Delta,2021,1,2021-01-05,Microcystins,0,ND
Preece,DHAB009,37.996172,-121.443849,South Delta,2021,2,2021-02-10,Microcystins,0,ND
Preece,DHAB009,37.996172,-121.443849,South Delta,2021,3,2021-03-30,Microcystins,0,ND
Preece,DHAB009,37.996172,-121.443849,South Delta,2021,4,2021-04-22,Microcystins,0,ND
Preece,DHAB009,37.996172,-121.443849,South Delta,2021,5,2021-05-18,Microcystins,0,ND
Preece,DHAB009,37.996172,-121.443849,South Delta,2021,6,2021-06-01,Microcystins,0,ND
Preece,DHAB009,37.996172,-121.443849,South Delta,2021,6,2021-06-16,Microcystins,0,ND
Preece,DHAB009,37.996172,-121.443849,South Delta,2021,7,2021-07-07,Microcystins,0.27659999999999996,=
Preece,DHAB009,37.996172,-121.443849,South Delta,2021,7,2021-07-22,Microcystins,0.41495000000000004,=
Preece,DHAB009,37.996172,-121.443849,South Delta,2021,8,2021-08-11,Microcystins,0,ND
Preece,DHAB009,37.996172,-121.443849,South Delta,2021,8,2021-08-26,Microcystins,0.1588,=
Preece,DHAB009,37.996172,-121.443849,South Delta,2021,9,2021-09-05,Microcystins,0.11180000000000001,=
Preece,DHAB009,37.996172,-121.443849,South Delta,2021,9,2021-09-05,Microcystins,0.132,=
Preece,DHAB009,37.996172,-121.443849,South Delta,2021,9,2021-09-20,Microcystins,0.21825,=
Preece,DHAB009,37.996172,-121.443849,South Delta,2021,10,2021-10-20,Microcystins,0,ND
Preece,DHAB009,37.996172,-121.443849,South Delta,2021,10,2021-10-28,Microcystins,0,ND
Preece,DHAB009,37.996172,-121.443849,South Delta,2021,11,2021-11-12,Microcystins,0,ND
Preece,DHAB009,37.996172,-121.443849,South Delta,2021,12,2021-12-27,Microcystins,0,ND
Preece,DHAB010,37.957145,-121.528646,South Delta,2021,1,2021-01-05,Microcystins,0,ND
Preece,DHAB010,37.957145,-121.528646,South Delta,2021,2,2021-02-10,Microcystins,0,ND
Preece,DHAB010,37.957145,-121.528646,South Delta,2021,3,2021-03-30,Microcystins,0,ND
Preece,DHAB010,37.957145,-121.528646,South Delta,2021,4,2021-04-22,Microcystins,0,ND
Preece,DHAB010,37.957145,-121.528646,South Delta,2021,5,2021-05-18,Microcystins,0,ND
Preece,DHAB010,37.957145,-121.528646,South Delta,2021,6,2021-06-01,Microcystins,0,ND
Preece,DHAB010,37.957145,-121.528646,South Delta,2021,6,2021-06-16,Microcystins,0,ND
Preece,DHAB010,37.957145,-121.528646,South Delta,2021,7,2021-07-07,Microcystins,0.4417,=
Preece,DHAB010,37.957145,-121.528646,South Delta,2021,7,2021-07-22,Microcystins,0.46030000000000004,=
Preece,DHAB010,37.957145,-121.528646,South Delta,2021,8,2021-08-11,Microcystins,0,ND
Preece,DHAB010,37.957145,-121.528646,South Delta,2021,8,2021-08-26,Microcystins,0.18585000000000002,=
Preece,DHAB010,37.957145,-121.528646,South Delta,2021,8,2021-08-26,Microcystins,0.33420000000000005,=
Preece,DHAB010,37.957145,-121.528646,South Delta,2021,9,2021-09-05,Microcystins,0.11215,=
Preece,DHAB010,37.957145,-121.528646,South Delta,2021,9,2021-09-20,Microcystins,0.1756,=
Preece,DHAB010,37.957145,-121.528646,South Delta,2021,10,2021-10-20,Microcystins,0,ND
Preece,DHAB010,37.957145,-121.528646,South Delta,2021,10,2021-10-20,Microcystins,0,ND
Preece,DHAB010,37.957145,-121.528646,South Delta,2021,11,2021-11-02,Microcystins,0,ND
Preece,DHAB010,37.957145,-121.528646,South Delta,2021,11,2021-11-12,Microcystins,0,ND
Preece,DHAB010,37.957145,-121.528646,South Delta,2021,12,2021-12-27,Microcystins,0,ND
Nautilus,ALG-001,37.949145,-121.336183,South Delta,2021,3,2021-03-25,Microcystins,0,ND
Nautilus,ALG-001,37.949145,-121.336183,South Delta,2021,3,2021-03-25,Anatoxins,0,ND
Nautilus,ALG-001,37.949145,-121.336183,South Delta,2021,3,2021-03-25,Saxitoxins,0,ND
Nautilus,ALG-002,37.955427,-121.347483,South Delta,2021,3,2021-03-25,Microcystins,0,ND
Nautilus,ALG-002,37.955427,-121.347483,South Delta,2021,3,2021-03-25,Anatoxins,0,ND
Nautilus,ALG-002,37.955427,-121.347483,South Delta,2021,3,2021-03-25,Saxitoxins,0,ND
Nautilus,ALG-003,37.963004,-121.365012,South Delta,2021,3,2021-03-25,Microcystins,0,ND
Nautilus,ALG-003,37.963004,-121.365012,South Delta,2021,3,2021-03-25,Anatoxins,0,ND
Nautilus,ALG-003,37.963004,-121.365012,South Delta,2021,3,2021-03-25,Saxitoxins,0,ND
Nautilus,ALG-004,37.966107,-121.369207,South Delta,2021,3,2021-03-25,Microcystins,0,ND
Nautilus,ALG-004,37.966107,-121.369207,South Delta,2021,3,2021-03-25,Anatoxins,0,ND
Nautilus,ALG-004,37.966107,-121.369207,South Delta,2021,3,2021-03-25,Saxitoxins,0,ND
Nautilus,ALG-005,37.972023,-121.373993,South Delta,2021,3,2021-03-25,Microcystins,0,ND
Nautilus,ALG-005,37.972023,-121.373993,South Delta,2021,3,2021-03-25,Anatoxins,0,ND
Nautilus,ALG-005,37.972023,-121.373993,South Delta,2021,3,2021-03-25,Saxitoxins,0,ND
Nautilus,ALG-006,37.991004,-121.407047,South Delta,2021,3,2021-03-25,Microcystins,0,ND
Nautilus,ALG-006,37.991004,-121.407047,South Delta,2021,3,2021-03-25,Anatoxins,0,ND
Nautilus,ALG-006,37.991004,-121.407047,South Delta,2021,3,2021-03-25,Saxitoxins,0,ND
Nautilus,ALG-001,37.949145,-121.336183,South Delta,2021,4,2021-04-14,Microcystins,0.15,=
Nautilus,ALG-001,37.949145,-121.336183,South Delta,2021,4,2021-04-14,Anatoxins,0,ND
Nautilus,ALG-001,37.949145,-121.336183,South Delta,2021,4,2021-04-14,Saxitoxins,0,ND
Nautilus,ALG-002,37.955427,-121.347483,South Delta,2021,4,2021-04-14,Microcystins,0.2,=
Nautilus,ALG-002,37.955427,-121.347483,South Delta,2021,4,2021-04-14,Anatoxins,0,ND
Nautilus,ALG-002,37.955427,-121.347483,South Delta,2021,4,2021-04-14,Saxitoxins,0,ND
Nautilus,ALG-003,37.963004,-121.365012,South Delta,2021,4,2021-04-14,Microcystins,0.15,=
Nautilus,ALG-003,37.963004,-121.365012,South Delta,2021,4,2021-04-14,Anatoxins,0,ND
Nautilus,ALG-003,37.963004,-121.365012,South Delta,2021,4,2021-04-14,Saxitoxins,0,ND
Nautilus,ALG-004,37.966107,-121.369207,South Delta,2021,4,2021-04-14,Microcystins,0.12,=
Nautilus,ALG-004,37.966107,-121.369207,South Delta,2021,4,2021-04-14,Anatoxins,0,ND
Nautilus,ALG-004,37.966107,-121.369207,South Delta,2021,4,2021-04-14,Saxitoxins,0,ND
Nautilus,ALG-005,37.972023,-121.373993,South Delta,2021,4,2021-04-14,Microcystins,0.15,=
Nautilus,ALG-005,37.972023,-121.373993,South Delta,2021,4,2021-04-14,Anatoxins,0,ND
Nautilus,ALG-005,37.972023,-121.373993,South Delta,2021,4,2021-04-14,Saxitoxins,0,ND
Nautilus,ALG-006,37.991004,-121.407047,South Delta,2021,4,2021-04-14,Microcystins,0.15,=
Nautilus,ALG-006,37.991004,-121.407047,South Delta,2021,4,2021-04-14,Anatoxins,0,ND
Nautilus,ALG-006,37.991004,-121.407047,South Delta,2021,4,2021-04-14,Saxitoxins,0,ND
Nautilus,ALG-001,37.949145,-121.336183,South Delta,2021,4,2021-04-29,Microcystins,0,ND
Nautilus,ALG-001,37.949145,-121.336183,South Delta,2021,4,2021-04-29,Anatoxins,0,ND
Nautilus,ALG-001,37.949145,-121.336183,South Delta,2021,4,2021-04-29,Saxitoxins,0,ND
Nautilus,ALG-002,37.955427,-121.347483,South Delta,2021,4,2021-04-29,Microcystins,0,ND
Nautilus,ALG-002,37.955427,-121.347483,South Delta,2021,4,2021-04-29,Anatoxins,0,ND
Nautilus,ALG-002,37.955427,-121.347483,South Delta,2021,4,2021-04-29,Saxitoxins,0,ND
Nautilus,ALG-003,37.963004,-121.365012,South Delta,2021,4,2021-04-29,Microcystins,0,ND
Nautilus,ALG-003,37.963004,-121.365012,South Delta,2021,4,2021-04-29,Anatoxins,0,ND
Nautilus,ALG-003,37.963004,-121.365012,South Delta,2021,4,2021-04-29,Saxitoxins,0,ND
Nautilus,ALG-004,37.966107,-121.369207,South Delta,2021,4,2021-04-29,Microcystins,0,ND
Nautilus,ALG-004,37.966107,-121.369207,South Delta,2021,4,2021-04-29,Anatoxins,0,ND
Nautilus,ALG-004,37.966107,-121.369207,South Delta,2021,4,2021-04-29,Saxitoxins,0,ND
Nautilus,ALG-005,37.972023,-121.373993,South Delta,2021,4,2021-04-29,Microcystins,0,ND
Nautilus,ALG-005,37.972023,-121.373993,South Delta,2021,4,2021-04-29,Anatoxins,0,ND
Nautilus,ALG-005,37.972023,-121.373993,South Delta,2021,4,2021-04-29,Saxitoxins,0,ND
Nautilus,ALG-006,37.991004,-121.407047,South Delta,2021,4,2021-04-29,Microcystins,0,ND
Nautilus,ALG-006,37.991004,-121.407047,South Delta,2021,4,2021-04-29,Anatoxins,0,ND
Nautilus,ALG-006,37.991004,-121.407047,South Delta,2021,4,2021-04-29,Saxitoxins,0,ND
Nautilus,ALG-001,37.949145,-121.336183,South Delta,2021,5,2021-05-13,Microcystins,0,ND
Nautilus,ALG-001,37.949145,-121.336183,South Delta,2021,5,2021-05-13,Anatoxins,0,ND
Nautilus,ALG-001,37.949145,-121.336183,South Delta,2021,5,2021-05-13,Saxitoxins,0,ND
Nautilus,ALG-002,37.955427,-121.347483,South Delta,2021,5,2021-05-13,Microcystins,0,ND
Nautilus,ALG-002,37.955427,-121.347483,South Delta,2021,5,2021-05-13,Anatoxins,0,ND
Nautilus,ALG-002,37.955427,-121.347483,South Delta,2021,5,2021-05-13,Saxitoxins,0,ND
Nautilus,ALG-003,37.963004,-121.365012,South Delta,2021,5,2021-05-13,Microcystins,0,ND
Nautilus,ALG-003,37.963004,-121.365012,South Delta,2021,5,2021-05-13,Anatoxins,0,ND
Nautilus,ALG-003,37.963004,-121.365012,South Delta,2021,5,2021-05-13,Saxitoxins,0,ND
Nautilus,ALG-004,37.966107,-121.369207,South Delta,2021,5,2021-05-13,Microcystins,0,ND
Nautilus,ALG-004,37.966107,-121.369207,South Delta,2021,5,2021-05-13,Anatoxins,0,ND
Nautilus,ALG-004,37.966107,-121.369207,South Delta,2021,5,2021-05-13,Saxitoxins,0,ND
Nautilus,ALG-005,37.972023,-121.373993,South Delta,2021,5,2021-05-13,Microcystins,0,ND
Nautilus,ALG-005,37.972023,-121.373993,South Delta,2021,5,2021-05-13,Anatoxins,0,ND
Nautilus,ALG-005,37.972023,-121.373993,South Delta,2021,5,2021-05-13,Saxitoxins,0,ND
Nautilus,ALG-006,37.991004,-121.407047,South Delta,2021,5,2021-05-13,Microcystins,0,ND
Nautilus,ALG-006,37.991004,-121.407047,South Delta,2021,5,2021-05-13,Anatoxins,0,ND
Nautilus,ALG-006,37.991004,-121.407047,South Delta,2021,5,2021-05-13,Saxitoxins,0,ND
Nautilus,ALG-001,37.949145,-121.336183,South Delta,2021,5,2021-05-27,Microcystins,0,ND
Nautilus,ALG-001,37.949145,-121.336183,South Delta,2021,5,2021-05-27,Anatoxins,0,ND
Nautilus,ALG-001,37.949145,-121.336183,South Delta,2021,5,2021-05-27,Saxitoxins,0,ND
Nautilus,ALG-002,37.955427,-121.347483,South Delta,2021,5,2021-05-27,Microcystins,0,ND
Nautilus,ALG-002,37.955427,-121.347483,South Delta,2021,5,2021-05-27,Anatoxins,0,ND
Nautilus,ALG-002,37.955427,-121.347483,South Delta,2021,5,2021-05-27,Saxitoxins,0,ND
Nautilus,ALG-003,37.963004,-121.365012,South Delta,2021,5,2021-05-27,Microcystins,0,ND
Nautilus,ALG-003,37.963004,-121.365012,South Delta,2021,5,2021-05-27,Anatoxins,0,ND
Nautilus,ALG-003,37.963004,-121.365012,South Delta,2021,5,2021-05-27,Saxitoxins,0,ND
Nautilus,ALG-004,37.966107,-121.369207,South Delta,2021,5,2021-05-27,Microcystins,0,ND
Nautilus,ALG-004,37.966107,-121.369207,South Delta,2021,5,2021-05-27,Anatoxins,0,ND
Nautilus,ALG-004,37.966107,-121.369207,South Delta,2021,5,2021-05-27,Saxitoxins,0,ND
Nautilus,ALG-005,37.972023,-121.373993,South Delta,2021,5,2021-05-27,Microcystins,0,ND
Nautilus,ALG-005,37.972023,-121.373993,South Delta,2021,5,2021-05-27,Anatoxins,0,ND
Nautilus,ALG-005,37.972023,-121.373993,South Delta,2021,5,2021-05-27,Saxitoxins,0,ND
Nautilus,ALG-006,37.991004,-121.407047,South Delta,2021,5,2021-05-27,Microcystins,0,ND
Nautilus,ALG-006,37.991004,-121.407047,South Delta,2021,5,2021-05-27,Anatoxins,0,ND
Nautilus,ALG-006,37.991004,-121.407047,South Delta,2021,5,2021-05-27,Saxitoxins,0,ND
Nautilus,ALG-001,37.949145,-121.336183,South Delta,2021,6,2021-06-09,Microcystins,0,ND
Nautilus,ALG-001,37.949145,-121.336183,South Delta,2021,6,2021-06-09,Anatoxins,0,ND
Nautilus,ALG-001,37.949145,-121.336183,South Delta,2021,6,2021-06-09,Saxitoxins,0,ND
Nautilus,ALG-002,37.955427,-121.347483,South Delta,2021,6,2021-06-09,Microcystins,0,ND
Nautilus,ALG-002,37.955427,-121.347483,South Delta,2021,6,2021-06-09,Anatoxins,0,ND
Nautilus,ALG-002,37.955427,-121.347483,South Delta,2021,6,2021-06-09,Saxitoxins,0,ND
Nautilus,ALG-003,37.963004,-121.365012,South Delta,2021,6,2021-06-09,Microcystins,0,ND
Nautilus,ALG-003,37.963004,-121.365012,South Delta,2021,6,2021-06-09,Anatoxins,0,ND
Nautilus,ALG-003,37.963004,-121.365012,South Delta,2021,6,2021-06-09,Saxitoxins,0,ND
Nautilus,ALG-004,37.966107,-121.369207,South Delta,2021,6,2021-06-09,Microcystins,0.92,=
Nautilus,ALG-004,37.966107,-121.369207,South Delta,2021,6,2021-06-09,Anatoxins,0,ND
Nautilus,ALG-004,37.966107,-121.369207,South Delta,2021,6,2021-06-09,Saxitoxins,0,ND
Nautilus,ALG-005,37.972023,-121.373993,South Delta,2021,6,2021-06-09,Microcystins,0,ND
Nautilus,ALG-005,37.972023,-121.373993,South Delta,2021,6,2021-06-09,Anatoxins,0,ND
Nautilus,ALG-005,37.972023,-121.373993,South Delta,2021,6,2021-06-09,Saxitoxins,0,ND
Nautilus,ALG-006,37.991004,-121.407047,South Delta,2021,6,2021-06-09,Microcystins,0,ND
Nautilus,ALG-006,37.991004,-121.407047,South Delta,2021,6,2021-06-09,Anatoxins,0,ND
Nautilus,ALG-006,37.991004,-121.407047,South Delta,2021,6,2021-06-09,Saxitoxins,0,ND
Nautilus,ALG-001,37.949145,-121.336183,South Delta,2021,6,2021-06-22,Microcystins,0,ND
Nautilus,ALG-001,37.949145,-121.336183,South Delta,2021,6,2021-06-22,Anatoxins,0,ND
Nautilus,ALG-001,37.949145,-121.336183,South Delta,2021,6,2021-06-22,Saxitoxins,0,ND
Nautilus,ALG-002,37.955427,-121.347483,South Delta,2021,6,2021-06-22,Microcystins,0,ND
Nautilus,ALG-002,37.955427,-121.347483,South Delta,2021,6,2021-06-22,Anatoxins,0,ND
Nautilus,ALG-002,37.955427,-121.347483,South Delta,2021,6,2021-06-22,Saxitoxins,0,ND
Nautilus,ALG-003,37.963004,-121.365012,South Delta,2021,6,2021-06-22,Microcystins,0,ND
Nautilus,ALG-003,37.963004,-121.365012,South Delta,2021,6,2021-06-22,Anatoxins,0,ND
Nautilus,ALG-003,37.963004,-121.365012,South Delta,2021,6,2021-06-22,Saxitoxins,0,ND
Nautilus,ALG-004,37.966107,-121.369207,South Delta,2021,6,2021-06-22,Microcystins,0.15,=
Nautilus,ALG-004,37.966107,-121.369207,South Delta,2021,6,2021-06-22,Anatoxins,0,ND
Nautilus,ALG-004,37.966107,-121.369207,South Delta,2021,6,2021-06-22,Saxitoxins,0,ND
Nautilus,ALG-005,37.972023,-121.373993,South Delta,2021,6,2021-06-22,Microcystins,0,ND
Nautilus,ALG-005,37.972023,-121.373993,South Delta,2021,6,2021-06-22,Anatoxins,0,ND
Nautilus,ALG-005,37.972023,-121.373993,South Delta,2021,6,2021-06-22,Saxitoxins,0,ND
Nautilus,ALG-006,37.991004,-121.407047,South Delta,2021,6,2021-06-22,Microcystins,0,ND
Nautilus,ALG-006,37.991004,-121.407047,South Delta,2021,6,2021-06-22,Anatoxins,0,ND
Nautilus,ALG-006,37.991004,-121.407047,South Delta,2021,6,2021-06-22,Saxitoxins,0,ND
Nautilus,ALG-001,37.949145,-121.336183,South Delta,2021,7,2021-07-06,Microcystins,0.28,=
Nautilus,ALG-001,37.949145,-121.336183,South Delta,2021,7,2021-07-06,Anatoxins,0,ND
Nautilus,ALG-001,37.949145,-121.336183,South Delta,2021,7,2021-07-06,Saxitoxins,0,ND
Nautilus,ALG-002,37.955427,-121.347483,South Delta,2021,7,2021-07-06,Microcystins,0,ND
Nautilus,ALG-002,37.955427,-121.347483,South Delta,2021,7,2021-07-06,Anatoxins,0,ND
Nautilus,ALG-002,37.955427,-121.347483,South Delta,2021,7,2021-07-06,Saxitoxins,0,ND
Nautilus,ALG-003,37.963004,-121.365012,South Delta,2021,7,2021-07-06,Microcystins,0,ND
Nautilus,ALG-003,37.963004,-121.365012,South Delta,2021,7,2021-07-06,Anatoxins,0,ND
Nautilus,ALG-003,37.963004,-121.365012,South Delta,2021,7,2021-07-06,Saxitoxins,0,ND
Nautilus,ALG-004,37.966107,-121.369207,South Delta,2021,7,2021-07-06,Microcystins,0,ND
Nautilus,ALG-004,37.966107,-121.369207,South Delta,2021,7,2021-07-06,Anatoxins,0,ND
Nautilus,ALG-004,37.966107,-121.369207,South Delta,2021,7,2021-07-06,Saxitoxins,0,ND
Nautilus,ALG-005,37.972023,-121.373993,South Delta,2021,7,2021-07-06,Microcystins,0.14,=
Nautilus,ALG-005,37.972023,-121.373993,South Delta,2021,7,2021-07-06,Anatoxins,0,ND
Nautilus,ALG-005,37.972023,-121.373993,South Delta,2021,7,2021-07-06,Saxitoxins,0,ND
Nautilus,ALG-006,37.991004,-121.407047,South Delta,2021,7,2021-07-06,Microcystins,0.23,=
Nautilus,ALG-006,37.991004,-121.407047,South Delta,2021,7,2021-07-06,Anatoxins,0,ND
Nautilus,ALG-006,37.991004,-121.407047,South Delta,2021,7,2021-07-06,Saxitoxins,0,ND
Nautilus,ALG-001,37.949145,-121.336183,South Delta,2021,7,2021-07-20,Microcystins,0,ND
Nautilus,ALG-001,37.949145,-121.336183,South Delta,2021,7,2021-07-20,Anatoxins,0,ND
Nautilus,ALG-001,37.949145,-121.336183,South Delta,2021,7,2021-07-20,Saxitoxins,0,ND
Nautilus,ALG-002,37.955427,-121.347483,South Delta,2021,7,2021-07-20,Microcystins,0,ND
Nautilus,ALG-002,37.955427,-121.347483,South Delta,2021,7,2021-07-20,Anatoxins,0,ND
Nautilus,ALG-002,37.955427,-121.347483,South Delta,2021,7,2021-07-20,Saxitoxins,0,ND
Nautilus,ALG-003,37.963004,-121.365012,South Delta,2021,7,2021-07-20,Microcystins,0,ND
Nautilus,ALG-003,37.963004,-121.365012,South Delta,2021,7,2021-07-20,Anatoxins,0,ND
Nautilus,ALG-003,37.963004,-121.365012,South Delta,2021,7,2021-07-20,Saxitoxins,0,ND
Nautilus,ALG-004,37.966107,-121.369207,South Delta,2021,7,2021-07-20,Microcystins,0,ND
Nautilus,ALG-004,37.966107,-121.369207,South Delta,2021,7,2021-07-20,Anatoxins,0,ND
Nautilus,ALG-004,37.966107,-121.369207,South Delta,2021,7,2021-07-20,Saxitoxins,0,ND
Nautilus,ALG-005,37.972023,-121.373993,South Delta,2021,7,2021-07-20,Microcystins,0,ND
Nautilus,ALG-005,37.972023,-121.373993,South Delta,2021,7,2021-07-20,Anatoxins,0,ND
Nautilus,ALG-005,37.972023,-121.373993,South Delta,2021,7,2021-07-20,Saxitoxins,0,ND
Nautilus,ALG-006,37.991004,-121.407047,South Delta,2021,7,2021-07-20,Microcystins,0.14,=
Nautilus,ALG-006,37.991004,-121.407047,South Delta,2021,7,2021-07-20,Anatoxins,0,ND
Nautilus,ALG-006,37.991004,-121.407047,South Delta,2021,7,2021-07-20,Saxitoxins,0,ND
Nautilus,ALG-001,37.949145,-121.336183,South Delta,2021,8,2021-08-03,Microcystins,0.17,=
Nautilus,ALG-001,37.949145,-121.336183,South Delta,2021,8,2021-08-03,Anatoxins,0,ND
Nautilus,ALG-001,37.949145,-121.336183,South Delta,2021,8,2021-08-03,Saxitoxins,0,ND
Nautilus,ALG-002,37.955427,-121.347483,South Delta,2021,8,2021-08-03,Microcystins,0.23,=
Nautilus,ALG-002,37.955427,-121.347483,South Delta,2021,8,2021-08-03,Anatoxins,0,ND
Nautilus,ALG-002,37.955427,-121.347483,South Delta,2021,8,2021-08-03,Saxitoxins,0,ND
Nautilus,ALG-003,37.963004,-121.365012,South Delta,2021,8,2021-08-03,Microcystins,0.16,=
Nautilus,ALG-003,37.963004,-121.365012,South Delta,2021,8,2021-08-03,Anatoxins,0,ND
Nautilus,ALG-003,37.963004,-121.365012,South Delta,2021,8,2021-08-03,Saxitoxins,0,ND
Nautilus,ALG-004,37.966107,-121.369207,South Delta,2021,8,2021-08-03,Microcystins,0.19,=
Nautilus,ALG-004,37.966107,-121.369207,South Delta,2021,8,2021-08-03,Anatoxins,0,ND
Nautilus,ALG-004,37.966107,-121.369207,South Delta,2021,8,2021-08-03,Saxitoxins,0,ND
Nautilus,ALG-005,37.972023,-121.373993,South Delta,2021,8,2021-08-03,Microcystins,2.38,=
Nautilus,ALG-005,37.972023,-121.373993,South Delta,2021,8,2021-08-03,Anatoxins,0,ND
Nautilus,ALG-005,37.972023,-121.373993,South Delta,2021,8,2021-08-03,Saxitoxins,0,ND
Nautilus,ALG-006,37.991004,-121.407047,South Delta,2021,8,2021-08-03,Microcystins,0.3,=
Nautilus,ALG-006,37.991004,-121.407047,South Delta,2021,8,2021-08-03,Anatoxins,0,ND
Nautilus,ALG-006,37.991004,-121.407047,South Delta,2021,8,2021-08-03,Saxitoxins,0,ND
Nautilus,ALG-001,37.949145,-121.336183,South Delta,2021,8,2021-08-17,Microcystins,0.27,=
Nautilus,ALG-001,37.949145,-121.336183,South Delta,2021,8,2021-08-17,Anatoxins,0,ND
Nautilus,ALG-001,37.949145,-121.336183,South Delta,2021,8,2021-08-17,Saxitoxins,0,ND
Nautilus,ALG-002,37.955427,-121.347483,South Delta,2021,8,2021-08-17,Microcystins,0.19,=
Nautilus,ALG-002,37.955427,-121.347483,South Delta,2021,8,2021-08-17,Anatoxins,0,ND
Nautilus,ALG-002,37.955427,-121.347483,South Delta,2021,8,2021-08-17,Saxitoxins,0,ND
Nautilus,ALG-003,37.963004,-121.365012,South Delta,2021,8,2021-08-17,Microcystins,0.17,=
Nautilus,ALG-003,37.963004,-121.365012,South Delta,2021,8,2021-08-17,Anatoxins,0,ND
Nautilus,ALG-003,37.963004,-121.365012,South Delta,2021,8,2021-08-17,Saxitoxins,0,ND
Nautilus,ALG-004,37.966107,-121.369207,South Delta,2021,8,2021-08-17,Microcystins,0.14,=
Nautilus,ALG-004,37.966107,-121.369207,South Delta,2021,8,2021-08-17,Anatoxins,0,ND
Nautilus,ALG-004,37.966107,-121.369207,South Delta,2021,8,2021-08-17,Saxitoxins,0,ND
Nautilus,ALG-005,37.972023,-121.373993,South Delta,2021,8,2021-08-17,Microcystins,0,ND
Nautilus,ALG-005,37.972023,-121.373993,South Delta,2021,8,2021-08-17,Anatoxins,0,ND
Nautilus,ALG-005,37.972023,-121.373993,South Delta,2021,8,2021-08-17,Saxitoxins,0,ND
Nautilus,ALG-006,37.991004,-121.407047,South Delta,2021,8,2021-08-17,Microcystins,0.16,=
Nautilus,ALG-006,37.991004,-121.407047,South Delta,2021,8,2021-08-17,Anatoxins,0,ND
Nautilus,ALG-006,37.991004,-121.407047,South Delta,2021,8,2021-08-17,Saxitoxins,0,ND
Nautilus,ALG-001,37.949145,-121.336183,South Delta,2021,9,2021-09-07,Microcystins,0,ND
Nautilus,ALG-001,37.949145,-121.336183,South Delta,2021,9,2021-09-07,Anatoxins,0,ND
Nautilus,ALG-001,37.949145,-121.336183,South Delta,2021,9,2021-09-07,Saxitoxins,0,ND
Nautilus,ALG-002,37.955427,-121.347483,South Delta,2021,9,2021-09-07,Microcystins,1.06,=
Nautilus,ALG-002,37.955427,-121.347483,South Delta,2021,9,2021-09-07,Anatoxins,0,ND
Nautilus,ALG-002,37.955427,-121.347483,South Delta,2021,9,2021-09-07,Saxitoxins,0,ND
Nautilus,ALG-003,37.963004,-121.365012,South Delta,2021,9,2021-09-07,Microcystins,0.24,=
Nautilus,ALG-003,37.963004,-121.365012,South Delta,2021,9,2021-09-07,Anatoxins,0,ND
Nautilus,ALG-003,37.963004,-121.365012,South Delta,2021,9,2021-09-07,Saxitoxins,0,ND
Nautilus,ALG-004,37.966107,-121.369207,South Delta,2021,9,2021-09-07,Microcystins,0,ND
Nautilus,ALG-004,37.966107,-121.369207,South Delta,2021,9,2021-09-07,Anatoxins,0,ND
Nautilus,ALG-004,37.966107,-121.369207,South Delta,2021,9,2021-09-07,Saxitoxins,0,ND
Nautilus,ALG-005,37.972023,-121.373993,South Delta,2021,9,2021-09-07,Microcystins,0,ND
Nautilus,ALG-005,37.972023,-121.373993,South Delta,2021,9,2021-09-07,Anatoxins,0,ND
Nautilus,ALG-005,37.972023,-121.373993,South Delta,2021,9,2021-09-07,Saxitoxins,0,ND
Nautilus,ALG-006,37.991004,-121.407047,South Delta,2021,9,2021-09-07,Microcystins,0,ND
Nautilus,ALG-006,37.991004,-121.407047,South Delta,2021,9,2021-09-07,Anatoxins,0,ND
Nautilus,ALG-006,37.991004,-121.407047,South Delta,2021,9,2021-09-07,Saxitoxins,0,ND
Nautilus,ALG-001,37.949145,-121.336183,South Delta,2021,9,2021-09-21,Microcystins,0.2,=
Nautilus,ALG-001,37.949145,-121.336183,South Delta,2021,9,2021-09-21,Anatoxins,0,ND
Nautilus,ALG-001,37.949145,-121.336183,South Delta,2021,9,2021-09-21,Saxitoxins,0,ND
Nautilus,ALG-002,37.955427,-121.347483,South Delta,2021,9,2021-09-21,Microcystins,0.26,=
Nautilus,ALG-002,37.955427,-121.347483,South Delta,2021,9,2021-09-21,Anatoxins,0,ND
Nautilus,ALG-002,37.955427,-121.347483,South Delta,2021,9,2021-09-21,Saxitoxins,0,ND
Nautilus,ALG-003,37.963004,-121.365012,South Delta,2021,9,2021-09-21,Microcystins,0.27,=
Nautilus,ALG-003,37.963004,-121.365012,South Delta,2021,9,2021-09-21,Anatoxins,0,ND
Nautilus,ALG-003,37.963004,-121.365012,South Delta,2021,9,2021-09-21,Saxitoxins,0,ND
Nautilus,ALG-004,37.966107,-121.369207,South Delta,2021,9,2021-09-21,Microcystins,0.17,=
Nautilus,ALG-004,37.966107,-121.369207,South Delta,2021,9,2021-09-21,Anatoxins,0,ND
Nautilus,ALG-004,37.966107,-121.369207,South Delta,2021,9,2021-09-21,Saxitoxins,0,ND
Nautilus,ALG-005,37.972023,-121.373993,South Delta,2021,9,2021-09-21,Microcystins,0.2,=
Nautilus,ALG-005,37.972023,-121.373993,South Delta,2021,9,2021-09-21,Anatoxins,0,ND
Nautilus,ALG-005,37.972023,-121.373993,South Delta,2021,9,2021-09-21,Saxitoxins,0,ND
Nautilus,ALG-006,37.991004,-121.407047,South Delta,2021,9,2021-09-21,Microcystins,0.23,=
Nautilus,ALG-006,37.991004,-121.407047,South Delta,2021,9,2021-09-21,Anatoxins,0,ND
Nautilus,ALG-006,37.991004,-121.407047,South Delta,2021,9,2021-09-21,Saxitoxins,0,ND
EastBay,BigBreak,38.012454,-121.728242,San Joaquin,2015,10,2015-10-15,Microcystins,0,ND
EastBay,BigBreak,38.012454,-121.728242,San Joaquin,2015,10,2015-10-15,Microcystins,23,=
EastBay,BigBreak,38.012454,-121.728242,San Joaquin,2015,10,2015-10-19,Microcystins,0,ND
EastBay,BigBreak,38.012454,-121.728242,San Joaquin,2015,10,2015-10-26,Microcystins,0,ND
EastBay,BigBreak,38.012454,-121.728242,San Joaquin,2015,10,2015-10-29,Microcystins,6.8,=
EastBay,BigBreak,38.012454,-121.728242,San Joaquin,2015,11,2015-11-16,Microcystins,0.15,=
EastBay,BigBreak,38.012454,-121.728242,San Joaquin,2016,5,2016-05-13,Microcystins,0,ND
EastBay,BigBreak,38.012454,-121.728242,San Joaquin,2016,6,2016-06-29,Microcystins,0,ND
EastBay,BigBreak,38.012454,-121.728242,San Joaquin,2016,7,2016-07-28,Microcystins,0,ND
EastBay,BigBreak,38.012454,-121.728242,San Joaquin,2016,8,2016-08-04,Microcystins,0,ND
EastBay,BigBreak,38.012454,-121.728242,San Joaquin,2016,8,2016-08-16,Microcystins,20,>
EastBay,BigBreak,38.012454,-121.728242,San Joaquin,2016,8,2016-08-23,Microcystins,20,>
EastBay,BigBreak,38.012454,-121.728242,San Joaquin,2016,8,2016-08-23,Microcystins,50,>
EastBay,BigBreak,38.012454,-121.728242,San Joaquin,2016,9,2016-09-07,Microcystins,20,>
EastBay,BigBreak,38.012454,-121.728242,San Joaquin,2016,9,2016-09-14,Microcystins,0,ND
EastBay,BigBreak,38.012454,-121.728242,San Joaquin,2016,9,2016-09-21,Microcystins,0,ND
EastBay,BigBreak,38.012454,-121.728242,San Joaquin,2016,9,2016-09-26,Microcystins,0,ND
EastBay,BigBreak,38.012454,-121.728242,San Joaquin,2016,10,2016-10-05,Microcystins,0,ND
EastBay,BigBreak,38.012454,-121.728242,San Joaquin,2016,10,2016-10-10,Microcystins,0,ND
EastBay,BigBreak,38.012454,-121.728242,San Joaquin,2016,11,2016-11-10,Microcystins,0,ND
EastBay,BigBreak,38.012454,-121.728242,San Joaquin,2016,12,2016-12-07,Microcystins,0,ND
EastBay,BigBreak,38.012454,-121.728242,San Joaquin,2017,7,2017-07-18,Microcystins,0,ND
EastBay,BigBreak,38.012454,-121.728242,San Joaquin,2017,8,2017-08-15,Microcystins,0,ND
EastBay,BigBreak,38.012454,-121.728242,San Joaquin,2017,9,2017-09-28,Microcystins,0,ND
EastBay,BigBreak,38.012454,-121.728242,San Joaquin,2017,10,2017-10-05,Microcystins,0,ND
EastBay,BigBreak,38.012454,-121.728242,San Joaquin,2017,10,2017-10-10,Microcystins,0,ND
EastBay,BigBreak,38.012454,-121.728242,San Joaquin,2017,12,2017-12-14,Microcystins,0,ND
EastBay,BigBreak,38.012454,-121.728242,San Joaquin,2018,6,2018-06-28,Microcystins,10,>
EastBay,BigBreak,38.012454,-121.728242,San Joaquin,2018,7,2018-07-10,Microcystins,10,>
EastBay,BigBreak,38.012454,-121.728242,San Joaquin,2018,7,2018-07-18,Microcystins,10,>
EastBay,BigBreak,38.012454,-121.728242,San Joaquin,2018,7,2018-07-25,Microcystins,10,>
EastBay,BigBreak,38.012454,-121.728242,San Joaquin,2018,8,2018-08-08,Microcystins,10,>
EastBay,BigBreak,38.012454,-121.728242,San Joaquin,2018,8,2018-08-21,Microcystins,0,ND
EastBay,BigBreak,38.012454,-121.728242,San Joaquin,2018,8,2018-08-21,Microcystins,28,=
EastBay,BigBreak,38.012454,-121.728242,San Joaquin,2018,9,2018-09-12,Microcystins,10,=
EastBay,BigBreak,38.012454,-121.728242,San Joaquin,2018,11,2018-11-06,Microcystins,0,ND
EastBay,BigBreak,38.012454,-121.728242,San Joaquin,2018,11,2018-11-19,Microcystins,0,ND
EastBay,BigBreak,38.012454,-121.728242,San Joaquin,2018,11,2018-11-26,Microcystins,0,ND
EastBay,BigBreak,38.012454,-121.728242,San Joaquin,2018,12,2018-12-07,Microcystins,0,ND
EastBay,BigBreak,38.012454,-121.728242,San Joaquin,2019,7,2019-07-23,Microcystins,10,>
EastBay,BigBreak,38.012454,-121.728242,San Joaquin,2019,8,2019-08-06,Microcystins,10,>
EastBay,BigBreak,38.012454,-121.728242,San Joaquin,2019,8,2019-08-13,Microcystins,10,>
EastBay,BigBreak,38.012454,-121.728242,San Joaquin,2019,8,2019-08-20,Microcystins,70.81,=
EastBay,BigBreak,38.012454,-121.728242,San Joaquin,2019,9,2019-09-25,Microcystins,0,ND
EastBay,BigBreak,38.012454,-121.728242,San Joaquin,2019,10,2019-10-01,Microcystins,10,>
EastBay,BigBreak,38.012454,-121.728242,San Joaquin,2019,10,2019-10-22,Microcystins,0.11,=
EastBay,BigBreak,38.012454,-121.728242,San Joaquin,2019,10,2019-10-31,Microcystins,0,ND
EastBay,BigBreak,38.012454,-121.728242,San Joaquin,2019,10,2019-10-31,Microcystins,0,ND
EastBay,BigBreak,38.012454,-121.728242,San Joaquin,2019,11,2019-11-04,Microcystins,5,=
EastBay,BigBreak,38.012454,-121.728242,San Joaquin,2019,11,2019-11-14,Microcystins,0,ND
EastBay,BigBreak,38.012454,-121.728242,San Joaquin,2020,6,2020-06-05,Microcystins,7.5,=
EastBay,BigBreak,38.012454,-121.728242,San Joaquin,2020,6,2020-06-10,Microcystins,8,=
EastBay,BigBreak,38.012454,-121.728242,San Joaquin,2020,6,2020-06-17,Microcystins,10,>
EastBay,BigBreak,38.012454,-121.728242,San Joaquin,2020,6,2020-06-23,Microcystins,50,>
EastBay,BigBreak,38.012454,-121.728242,San Joaquin,2020,7,2020-07-07,Microcystins,0,ND
EastBay,BigBreak,38.012454,-121.728242,San Joaquin,2020,7,2020-07-15,Microcystins,10,>
EastBay,BigBreak,38.012454,-121.728242,San Joaquin,2020,7,2020-07-22,Microcystins,1.01,=
EastBay,BigBreak,38.012454,-121.728242,San Joaquin,2020,7,2020-07-30,Microcystins,2.5,=
EastBay,BigBreak,38.012454,-121.728242,San Joaquin,2020,8,2020-08-05,Microcystins,50,>
EastBay,BigBreak,38.012454,-121.728242,San Joaquin,2020,8,2020-08-12,Microcystins,50,>
EastBay,BigBreak,38.012454,-121.728242,San Joaquin,2020,8,2020-08-18,Microcystins,50,>
EastBay,BigBreak,38.012454,-121.728242,San Joaquin,2020,8,2020-08-24,Microcystins,6.49,=
EastBay,BigBreak,38.012454,-121.728242,San Joaquin,2020,9,2020-09-01,Microcystins,20.86,=
EastBay,BigBreak,38.012454,-121.728242,San Joaquin,2020,9,2020-09-09,Microcystins,0,ND
EastBay,BigBreak,38.012454,-121.728242,San Joaquin,2020,9,2020-09-15,Microcystins,10,>
EastBay,BigBreak,38.012454,-121.728242,San Joaquin,2020,9,2020-09-21,Microcystins,50,>
EastBay,BigBreak,38.012454,-121.728242,San Joaquin,2020,9,2020-09-30,Microcystins,5.63,=
EastBay,BigBreak,38.012454,-121.728242,San Joaquin,2020,10,2020-10-05,Microcystins,50,>
EastBay,BigBreak,38.012454,-121.728242,San Joaquin,2020,11,2020-11-03,Microcystins,10,>
EastBay,BigBreak,38.012454,-121.728242,San Joaquin,2020,11,2020-11-25,Microcystins,0,ND
EastBay,BigBreak,38.012454,-121.728242,San Joaquin,2020,11,2020-11-30,Microcystins,1.23,=
EastBay,BigBreak,38.012454,-121.728242,San Joaquin,2020,12,2020-12-07,Microcystins,0.74,=
EastBay,BigBreak,38.012454,-121.728242,San Joaquin,2020,12,2020-12-30,Microcystins,2.29,=
EastBay,BigBreak,38.012454,-121.728242,San Joaquin,2021,1,2021-01-06,Microcystins,0,ND
EastBay,BigBreak,38.012454,-121.728242,San Joaquin,2021,1,2021-01-13,Microcystins,0.32,=
EastBay,BigBreak,38.012454,-121.728242,San Joaquin,2021,1,2021-01-21,Microcystins,0,ND
EastBay,BigBreak,38.012454,-121.728242,San Joaquin,2021,2,2021-02-03,Microcystins,0.07,=
EastBay,BigBreak,38.012454,-121.728242,San Joaquin,2021,2,2021-02-08,Microcystins,0,ND
EastBay,BigBreak,38.012454,-121.728242,San Joaquin,2021,2,2021-02-16,Microcystins,0.09,=
EastBay,BigBreak,38.012454,-121.728242,San Joaquin,2021,2,2021-02-24,Microcystins,0,ND
EastBay,BigBreak,38.012454,-121.728242,San Joaquin,2021,4,2021-04-07,Microcystins,0.29,=
EastBay,BigBreak,38.012454,-121.728242,San Joaquin,2021,4,2021-04-19,Microcystins,0,ND
EastBay,BigBreak,38.012454,-121.728242,San Joaquin,2021,4,2021-04-27,Microcystins,0,ND
EastBay,BigBreak,38.012454,-121.728242,San Joaquin,2021,5,2021-05-05,Microcystins,0,ND
EastBay,BigBreak,38.012454,-121.728242,San Joaquin,2021,5,2021-05-12,Microcystins,0,ND
EastBay,BigBreak,38.012454,-121.728242,San Joaquin,2021,5,2021-05-19,Microcystins,0.04,=
EastBay,BigBreak,38.012454,-121.728242,San Joaquin,2021,5,2021-05-25,Microcystins,0.04,=
EastBay,BigBreak,38.012454,-121.728242,San Joaquin,2021,6,2021-06-07,Microcystins,50,>
EastBay,BigBreak,38.012454,-121.728242,San Joaquin,2021,6,2021-06-11,Microcystins,0,ND
EastBay,BigBreak,38.012454,-121.728242,San Joaquin,2021,6,2021-06-14,Microcystins,7.25,=
EastBay,BigBreak,38.012454,-121.728242,San Joaquin,2021,6,2021-06-21,Microcystins,1.38,=
EastBay,BigBreak,38.012454,-121.728242,San Joaquin,2021,6,2021-06-29,Microcystins,50,>
EastBay,BigBreak,38.012454,-121.728242,San Joaquin,2021,7,2021-07-20,Microcystins,0.09,=
EastBay,BigBreak,38.012454,-121.728242,San Joaquin,2021,8,2021-08-03,Microcystins,0.27,=
EastBay,BigBreak,38.012454,-121.728242,San Joaquin,2021,8,2021-08-10,Microcystins,2.84,=
EastBay,BigBreak,38.012454,-121.728242,San Joaquin,2021,8,2021-08-18,Microcystins,0.07,=
EastBay,BigBreak,38.012454,-121.728242,San Joaquin,2021,8,2021-08-24,Microcystins,0,ND
EastBay,BigBreak,38.012454,-121.728242,San Joaquin,2021,8,2021-08-31,Microcystins,0,ND
EastBay,BigBreak,38.012454,-121.728242,San Joaquin,2021,9,2021-09-08,Microcystins,4.84,=
EastBay,BigBreak,38.012454,-121.728242,San Joaquin,2021,9,2021-09-14,Microcystins,0.02,=
EastBay,BigBreak,38.012454,-121.728242,San Joaquin,2021,9,2021-09-21,Microcystins,0,ND
EastBay,BigBreak,38.012454,-121.728242,San Joaquin,2021,9,2021-09-28,Microcystins,2.79,=
EastBay,BigBreak,38.012454,-121.728242,San Joaquin,2021,10,2021-10-05,Microcystins,1.12,=
EastBay,BigBreak,38.012454,-121.728242,San Joaquin,2021,10,2021-10-11,Microcystins,0.02,=
EastBay,BigBreak,38.012454,-121.728242,San Joaquin,2021,10,2021-10-19,Microcystins,0.37,=
EastBay,BigBreak,38.012454,-121.728242,San Joaquin,2021,10,2021-10-26,Microcystins,0,ND
EastBay,BigBreak,38.012454,-121.728242,San Joaquin,2021,11,2021-11-04,Microcystins,0,ND
EastBay,BigBreak,38.012454,-121.728242,San Joaquin,2021,11,2021-11-15,Microcystins,0,ND
